block_name,space_no,space_no_sub,circle_name,circle_kana
あ,01,a,MinusArtWorks,マイナスアートワークス
あ,01,b,RussianBlue,ロシアンブルー
あ,02,a,ComeThrough,カムスルー
あ,02,b,practice,プラクティス
あ,03,a,ぽてねこ,ポテネコ
あ,03,b,あいすとちょこ,アイストチョコ
あ,04,a,noantica,ノーアンティカ
あ,04,b,はじめまして。,ハジメマシテ
あ,05,a,Under Ground Organization,アンダーグラウンドオーガニゼーション
あ,05,b,UGO,ユージーオー
あ,06,a,いもむや本舗,イモムヤホンポ
あ,06,b,Singleton,シングルトン
あ,07,a,PeachCandy,ピーチキャンディー
あ,07,b,わたくび,ワタクビ
あ,08,a,KAROMIX,カロミックス
あ,08,b,A.M.M.K,エーエムエムケー
あ,09,a,CUT A DASH!!,カッタダッシュ
あ,09,b,Blazer One,ブレザーワン
あ,10,a,有葉と愉快な仲間たち,アルファトユカイナナカマタチ
あ,10,b,BUD'ｓ,バッズ
あ,11,a,NECOTOXIN,ネコトキシン
あ,11,b,涼屋,スズヤ
あ,12,a,23.4ド,ニジュウサンテンヨンド
あ,12,b,Petite*Cerisier,プチセリジェ
あ,13,a,SEM;COLON,セミコロン
あ,13,b,moco chouchou,モコシュシュ
あ,14,a,HEART-WORK,ハートワーク
あ,14,b,hyde星人,ヒデセイジン
あ,15,a,うどんや,ウドンヤ
あ,15,b,あるちゅはいまー,アルチュハイマー
あ,16,a,偽住所不定,ニセジュウショフテイ
あ,16,b,短稈渡船,タンカンワタリブネ
あ,17,a,abgrund,アブグルンド
あ,17,b,70年式悠久機関,ナナジュウネンシキユウキュ
あ,18,a,牛乳屋さん,ギュウニュウヤサン
あ,18,b,Ｏｒａｃｌｅ　Ｅｇｇｓ,オラクルエッグス
あ,19,a,CANVAS+GARDEN,カンバスガーデン
あ,19,b,Brown sugar,ブラウンシュガー
あ,20,a,祭社,マツリジャ
あ,20,b,LOOPTHELOOP!,ループザループ
あ,21,a,オレンジぺこりーの,オレンジペコリーノ
あ,21,b,PINK CHUCHU,ピンクチュチュ
あ,22,a,翡翠亭,ヒスイテイ
あ,22,b,にゃここ,ニャココ
あ,23,a,WASABI,ワサビ
あ,23,b,ゼルドブランカ,ゼルドブランカ
あ,24,a,5年目の放課後,ゴネンメノホウカゴ
あ,24,b,しらたまこ,シラタマコ
あ,25,a,じぇのばけーき,ジェノバケーキ
あ,25,b,PrivateGarden,プライベートガーデン
あ,26,a,くりもも,クリモモ
あ,26,b,えあxぐら,エアグラ
あ,27,a,双子亭,フタコテイ
あ,27,b,TwinBox,ツインボックス
あ,28,a,Ｎｕｍｂｅｒ2,ナンバーツー
あ,28,b,スタジオ・ワラビー,スタジオワラビー
あ,29,a,きつねのよめいり,キツネノヨメイリ
あ,29,b,ルミノシティ,ルミノシティ
あ,30,a,CHRONOLOG,クロノログ
あ,30,b,ふるり。,フルリ
あ,31,a,UROBOROS,ウロボロス
あ,31,b,MunchenGraph,ミュンヘングラフ
あ,32,a,saz,エスエーゼット
あ,32,b,LOVEWN Outpost,ラヴューンアウトポスト
あ,33,a,VISTA,ビスタ
あ,33,b,鴨川屋,カモガワヤ
あ,34,a,琥珀亭,コハクテイ
あ,34,b,hey you!,ヘイユー
あ,35,a,ののの通信,ノノノツウシン
あ,35,b,にのこや,ニノコヤ
あ,36,a,みりおんばんく,ミリオンバンク
あ,36,b,RETRO,レトロ
あ,37,a,スイートピー,スイートピー
あ,37,b,たんぽぽ小唄,タンポポコウタ
あ,38,a,BENJA-MING,ベンジャミン
あ,38,b,富士壺機械,フジツボマッスゥイーン
あ,39,a,てぃんかーべる,ティンカーベル
あ,39,b,PieceGardien,ピエスガルディアン
あ,40,a,ＷＮＢ,ワンブ
あ,40,b,petit chronicle,プティクロニクル
あ,41,a,無人少女,ムジンショウジョ
あ,41,b,QP:flapper,キューピーフラッパー
あ,42,a,Dragon Kitchen,ドラゴンキッチン
あ,42,b,MIX-ISM,ミキシズム
あ,43,a,DROP DEAD!!,ドロップデッド
あ,43,b,4season,フォーシーズン
あ,44,a,凪過山,ナギスギヤマ
あ,44,b,ナギヤマスギ,ナギヤマスギ
あ,45,a,東幻郷,トウゲンキョウ
あ,45,b,毛玉王国,ケダマオウコク
あ,46,a,アレマテオレマ,アレマテオレマ
あ,46,b,slice slime,スライススライム
あ,47,a,NANACAN,ナナカン
あ,47,b,ぴよぷろじぇくと。,ピヨプロジェクト
あ,48,a,REI's ROOM,レイズルーム
あ,48,b,あめ　のち　ゆき,アメノチユキ
あ,49,a,Fatalpulse,フェイタルパルス
あ,49,b,魔太郎,マタロウ
あ,50,a,不可不可,フカフカ
あ,50,b,バス停シャワー,バステイシャワー
あ,51,a,まほ～びん,マホービン
あ,51,b,偽MIDI泥の会,ニセＭＩＤＩドロノカイ
あ,52,a,HIGH RISK REVOLUTION,ハイリスクレボリューション
あ,52,b,ときパ準備会,トキパジュンビカイ
あ,53,a,AMRE,エーエムアールイー
あ,53,b,A・M・R,エーエムアール
あ,54,a,GOTHICAL BLADE,ゴシカルブレイド
あ,54,b,IZumNizm,イズムニズム
あ,55,a,行脚堂,アンギャドウ
あ,55,b,Da Hootch,ダフーチ
あ,56,a,少女騎士団,ショウジョキシダン
あ,56,b,WIREFRAME,ワイヤーフレーム
あ,57,a,無限軌道A,ムゲンキドウエース
あ,57,b,ANAPOM,アナポン
あ,58,a,Digital Lover,デジタルラバー
あ,58,b,DUG,ディーユージー
あ,59,a,AliceGarden,アリスガーデン
あ,59,b,れぼえめ,レボエメ
あ,60,a,Ｌｉｌｙ  Ｌｉｌｙ  Ｒｏｓｅ,リリーリリーローズ
あ,60,b,あゆ屋,アユヤ
あ,61,a,逸遊団,イツユウダン
あ,61,b,秘密結社ときめき団,ヒミツケッシャトキメキダン
あ,62,a,CARNELIAN,カーネリアン
あ,62,b,Passionate,パッショネイト
あ,63,a,あとりえ雅,アトリエミヤビ
あ,63,b,ミュンヒハウゼン症候群,ミュンヒハウゼンショウコウグン
あ,64,a,ぽんじゆうす？,ポンジユウス
あ,64,b,八卦電影城,ハッケデンエイジョウ
あ,65,a,MILK BAR,ミルクバー
あ,65,b,七色ぱーかー,ナナイロパーカー
あ,66,a,100Acre,ヒャクエーカー
あ,66,b,和,ナゴミ
あ,67,a,P.L.T.Works,ピーエルティーワークス
あ,67,b,AIEN奇縁,アイエンキエン
あ,68,a,RRR,アールアールアール
あ,68,b,こるり屋,コルリヤ
あ,69,a,クレスタ,クレスタ
あ,69,b,CL.,シーエル
あ,70,a,bolze.,ボルゼ
あ,70,b,ReDrop,レッドロップ
あ,71,a,NtyPe,エヌタイプ
あ,71,b,うつらうららか,ウツラウララカ
あ,72,a,パンダが一匹。,パンダガイッピキ
あ,72,b,共月邸,キョウゲツテイ
あ,73,a,ほしまきProject,ホシマキプロジェクト
あ,73,b,TIES,ティース
あ,74,a,どん底かしわめし,ドンゾコカシワメシ
あ,74,b,FRAC,フラック
あ,75,a,PINSIZE Inc.,ピンサイズインク
あ,75,b,L：cum*,エルカム
あ,76,a,CHIBIKKO KINGDOM,チビッコキングダム
あ,76,b,魔法探偵社,マホウタンテイシャ
あ,77,a,Indico lite,インディコライト
あ,77,b,Io lite,アイオライト
あ,78,a,HappyBirthday,ハッピーバースデイ
あ,78,b,素敵倶楽部,ステキクラブ
あ,79,a,AYUEST,アユエスト
あ,79,b,TSEUYA,ティーエスイーユーワイエー
あ,80,a,いちごさいず,イチゴサイズ
あ,80,b,ETERNAL LAND,エターナルランド
あ,81,a,kinoとkonomiのきのこのみ,キノコノミ
あ,81,b,ESSEANTIA,エッセンシア
あ,82,a,サイクロン,サイクロン
あ,82,b,きくらげ屋,キクラゲヤ
あ,83,a,HitenKei,ヒテンケイ
あ,83,b,蘭屋,ランヤ
あ,84,a,しぐにゃん,シグニャン
あ,84,b,猫社,ネコヤシロ
あ,85,a,D・N・A.Lab.,ディーエヌエーラブ
あ,85,b,ユカゲン,ユカゲン
い,01,a,わくわく動物園,ワクワクドウブツエン
い,01,b,さんかくエプロン,サンカクエプロン
い,02,a,サークルOUTERWORLD,サークルアウターワールド
い,02,b,BLACKDOG,ブラックドッグ
い,03,a,ハイパーピンチ,ハイパーピンチ
い,03,b,尾髭丹,オヒゲタン
い,04,a,はましま酒店,ハマシマサケテン
い,04,b,マキノ事務所,マキノジムショ
い,05,a,床子屋,トコヤ
い,05,b,どじんち,ドジンチ
い,06,a,PASTEL WING,パステルウイング
い,06,b,緋い笑撃,アカイショウゲキ
い,07,a,千歳烏山第２出張所,チトセカラスヤマダイニシュッチョウジョ
い,07,b,甘泉少女,カンセンショウジョ
い,08,a,Dr.VERMILION,ドクターバーミリオン
い,08,b,秘密結社うさぎ,ヒミツケッシャウサギ
い,09,a,アレクササンダー,アレクササンダー
い,09,b,milkberry,ミルクベリィ
い,10,a,Lonely Church,ロンリーチャーチ
い,10,b,没後,ボツゴ
い,11,a,seventh zest,セブンスゼスト
い,11,b,とろりんこ,トロリンコ
い,12,a,ほむら屋★プレアデス,ホムラヤプレアデス
い,12,b,こりすや,コリスヤ
い,13,a,Rico-ba,リコバ
い,13,b,Ico-ba,アイコバ
い,14,a,福猫モフモフ,フクネコモフモフ
い,14,b,INS-mode,インスモード
い,15,a,高橋瑞香,タカハシミズカ
い,15,b,柴田勝紀,シバタカツノリ
い,16,a,１６軒目,ジュウロクケンメ
い,16,b,MATSUDASTYLE,マツダスタイル
い,17,a,KOKIKKO,コキッコ
い,17,b,Allegro Mistic,アレグロミスティック
い,18,a,アクアドライバー,アクアドライバー
い,18,b,SilverStone,シルバーストーン
い,19,a,Chericot*Rozel,チェリコットロゼル
い,19,b,cocotto,ココット
い,20,a,ALMISM,アルミズム
い,20,b,M◎RE☆プリティ,モアプリティ
い,21,a,萌少女領域,モエショウジョリョウイキ
い,21,b,NEKO WORKs,ネコワークエス
い,22,a,高苗床,タカナエドコ
い,22,b,TriaL3＆ろり桃,トライアルスリーアンドロリピーチ
い,23,a,A・O・I PROJECT,アオイプロジェクト
い,23,b,氷上王国,ヒョウジョウオウコク
い,24,a,猫魂,ネコダマシイ
い,24,b,猫屋敷,ネコヤシキ
い,25,a,二十極秘屋,ニジュウゴクヒヤ
い,25,b,生煮え蜜柑,ナマニエミカン
い,26,a,悠々亭,ユウユウテイ
い,26,b,RAVING PHANTOM,レイヴィングファントム
い,27,a,ねころっぷ,ネコロップ
い,27,b,Lachenalia,ラケナリア
い,28,a,naepetit,ナエプチ
い,28,b,stripe orange,ストライプオレンジ
い,29,a,KOHIPOTION,コヒポーション
い,29,b,＊はちみつ・ぶんぶん＊,ハチミツブンブン
い,30,a,太陽の遺伝子,タイヨウノイデンシ
い,30,b,Frill Party!,フリルパーティー
い,31,a,ホワイトモカフラペチーノ,ホワイトモカフラペチーノ
い,31,b,Kaoriの日曜日,カオリノニチヨウビ
い,32,a,魔法☆少女,マジカルガール
い,32,b,Cafe*light,カフェライト
い,33,a,あまみねこカフェ,アマミネコカフェ
い,33,b,against,アゲインスト
い,34,a,Gothic frill,ゴシックフリル
い,34,b,4月少女,シガツショウジョ
い,35,a,ぷちめいぷる,プチメイプル
い,35,b,アカシア相境界,アカシアソウキョウカイ
い,36,a,アリス症候群,アリスショウコウグン
い,36,b,pillow talk,ピロートーク
い,37,a,ドリームシップ&くれすBOOKS,ドリームシップアンドクレスブックス
い,37,b,はすねや,ハスネヤ
い,38,a,Albion　sin,アルビオンスィン
い,38,b,sakurawhite,サクラホワイト
い,39,a,チドリヌ,チドリヌ
い,39,b,くもりんご,クモリンゴ
い,40,a,漂流日誌,ヒョウリュウニッシ
い,40,b,Lunar Garden,ルナーガーデン
い,41,a,ライトニング,ライトニング
い,41,b,紅兎,クレナイウサギ
い,42,a,tibino,ティビノ
い,42,b,cafe-hotcocoa.,カフェホットココア
い,43,a,Chain Bom,チェインボム
い,43,b,Perfect Ramencholy,パーフェクトラメンコリー
い,44,a,深き青の空,フカキアオノソラ
い,44,b,TDUコンピュータクラブ,ティーディーユーコンピュータクラブ
い,45,a,海鳩堂,ウミバトドウ
い,45,b,ATELIER COCO,アトリエココ
い,46,a,ABYSS RING,アビスリング
い,46,b,魔導士の集い,マドウシノツドイ
い,47,a,SilentBitter,サイレントビター
い,47,b,清風藍波,セイフウランパ
い,48,a,CHOCOLATE UNIT,チョコレートユニット
い,48,b,COFFEE　MILL,コーヒーミル
い,49,a,夏樹家,ナツキヤ
い,49,b,きつねこ,キツネコ
い,50,a,紅茶牛乳,コウチャギュウニュウ
い,50,b,千書店,センショテン
い,51,a,カヤリブタ,カヤリブタ
い,51,b,MYA。,エムワイエー
い,52,a,おにくだより,オニクダヨリ
い,52,b,花苺,ハナイチゴ
う,01,a,BRAINSOUL,ブレインソウル
う,01,b,ツキヨミ,ツキヨミ
う,02,a,彼岸音,ヒガンネ
う,02,b,onigiri,オニギリ
う,03,a,HYP,ハイフ
う,03,b,いぬみみ大宇宙,イヌミミダイウチュウ
う,04,a,ちょこれいとコスモス,チョコレイトコスモス
う,04,b,万能萬屋商会,バンノウヨロズヤショウカイ
う,05,a,ゴウドルイ,ゴウドルイ
う,05,b,Amethyst,アメジスト
う,06,a,Flight of ACADEMY & B.V.,フライトオブアカデミーアンドビーブイ
う,06,b,FROG SKETCH,フロッグスケッチ
う,07,a,てごねスパイク,テゴネスパイク
う,07,b,さくら研究室,サクラケンキュウシツ
う,08,a,Rantana,ランタナ
う,08,b,あわたけ,アワタケ
う,09,a,JRAWINS高田ノ馬場＆FAF,ジェイアールエーウィンズタカダノババアンドエフエーエフ
う,09,b,あおブラ。,アオブラ
う,10,a,グループ601,グループロクマルイチ
う,10,b,風車茶屋,フウシャチャヤ
う,11,a,南極,ナンキョク
う,11,b,猫吉社,ネコキチシャ
う,12,a,サーベルらいおん,サーベルライオン
う,12,b,八四五舎,ハシゴシャ
う,13,a,純銀星,ジュンギンボシ
う,13,b,ＫＵＲＯＮＥＫＯＷＯＲＫｓ ,クロネコワァクス
う,14,a,きゃっといいえっくす,キャットイイエックス
う,14,b,Chiffon&アレプリコス,シフォンアンドアレプリコス
う,15,a,つぶあん同盟,ツブアンドウメイ
う,15,b,ざしきねこ,ザシキネコ
う,16,a,循環,ジュンカン
う,16,b,SOULFLY,ソウルフライ
う,17,a,ハイクラスト,ハイクラスト
う,17,b,よろず屋二次元堂,ヨロズヤニジゲンドウ
う,18,a,みかんのかんづめ,ミカンノカンヅメ
う,18,b,CANCER.O2,キャンサーオーツー
う,19,a,きのこの隠し部屋,キノコノカクシベヤ
う,19,b,天武堂,テンブドウ
う,20,a,御巫堂,ミカナギドウ
う,20,b,鶴亀屋,ツルカメヤ
う,21,a,STARWALKER STUDIO,スターウォーカースタジオ
う,21,b,neontetragraphics,ネオンテトラグラフィックス
う,22,a,Atelier Qualitive of Life,アトリエクオリティブオブライフ
う,22,b,ねこの目,ネコノメ
う,23,a,マスクねこ,マスクネコ
う,23,b,ことわざ中辞典,コトワザチュウジテン
う,24,a,APRICOT-BRANDY,アプリコットブランディ
う,24,b,CFA観測所,シーエフエーカンソクジョ
う,25,a,童謡研究会,ドウヨウケンキュウカイ
う,25,b,ジャック,ジャック
う,26,a,Art Jam,アートジャム
う,26,b,Evork Festa,エヴォークフェスタ
う,27,a,大きな器,オオキナウツワ
う,27,b,ピーナッツランド,ピーナッツランド
う,28,a,Ｆ宅,エフタク
う,28,b,ニワカカミキリヤモドキ,ニワカカミキリヤモドキ
う,29,a,拠点兵長,キョテンヘイチョウ
う,29,b,チーズ酵母,チーズコウボ
う,30,a,十黒館,ジュッコクカン
う,30,b,黒輪舞曲,ブラックロンド
う,31,a,びんかんでなにがわるい,ビンカンデナニガワルイ
う,31,b,NOTE-ISM,ノートイズム
う,32,a,Palette Enterprise,パレットエンタープライス
う,32,b,Ｈ・Ｂ,エッチビー
う,33,a,ねこのてしょぼう,ネコノテショボウ
う,33,b,Radical Dream,ラディカルドリーム
う,34,a,Flieger,フリーガー
う,34,b,チョココロネ,チョココロネ
う,35,a,バルクラッシュ,バルクラッシュ
う,35,b,dameningen+,ダメニンゲンプラス
う,36,a,らばた工房,ラバタコウボウ
う,36,b,恐竜の卵,キョウリュウノタマゴ
う,37,a,イナフミン,イナフミン
う,37,b,A.P.A.夢幻,エーピーエームゲン
う,38,a,STUDIO VANGUARD,スタジオバンガード
う,38,b,F・A,エフエー
う,39,a,ミラバル館,ミラバルカン
う,39,b,鈴の丘,スズノオカ
う,40,a,山櫻,ヤマザクラ
う,40,b,Atelier Lunette,アトリエリュネット
う,41,a,ブルマー命,ブルマーイノチ
う,41,b,GOLD DUST,ゴールドダスト
う,42,a,NW-project,エヌダブリュープロジェクト
う,42,b,パリスの審判,パリスノシンパン
う,43,a,さくさくさくちゃん,サクサクサクチャン
う,43,b,異空間抹殺圏,イクウカンマッサツケン
う,44,a,マーガリンロール,マーガリンロール
う,44,b,でじたるたんばりん,デジタルタンバリン
う,45,a,生猫亭,ナマネコテイ
う,45,b,Ｂｅｈｉｎｄ　Ｍｏｏｎ,ビハインドムーン
う,46,a,黒汐物産,クロシオブッサン
う,46,b,旗幟堂,キシドウ
う,47,a,鎖キャタピラ,クサリキャタピラ
う,47,b,Rip@Lip,リップアリップ
う,48,a,RainBoy,レインボーイ
う,48,b,こた,コタ
う,49,a,お娘様ランチ,オコサマランチ
う,49,b,StudioZealot,スタジオズィーロット
う,50,a,ひなかん,ヒナカン
う,50,b,scone,スコーン
う,51,a,エルアポ軍団,エルアポグンダン
う,51,b,V-SLASH,ブイスラッシュ
う,52,a,AXZ(アクシヅ),アクシヅ
う,52,b,She Link,シーリンク
え,01,a,サブスカッチ,サブスカッチ
え,01,b,in the WATER,,インザウオーター
え,02,a,みやごカフェ,ミヤゴカフェ
え,02,b,DetoxGirls,デトックスガールズ
え,03,a,strawberryjam,ストロベリージャム
え,03,b,Celeste Uccello,チェレステウッチェロ
え,04,a,Walpurgisnacht,ワルプルギスナハト
え,04,b,暁勝家のサークル,アカツキカツイエノサークル
え,05,a,Homura's R Comics,ホムラズアールコミックス
え,05,b,毒とんこつ肉ドレイ,ドクトンコツニクドレイ
え,06,a,ぴょんぴょろりん,ピョンピョロリン
え,06,b,City Forest,シティフォレスト
え,07,a,ほおぶくろっ！,ホオブクロッ
え,07,b,ヒツジ一番搾り,ヒツジイチバンシボリ
え,08,a,生タンク,ナマタンク
え,08,b,音文堂,オンブンドウ
え,09,a,TETRODOTOXIN,テトロドトキシン
え,09,b,ましら堂,マシラドウ
え,10,a,奇想Ｄ工房,キソウディーコウボウ
え,10,b,DEEP&PEEP,ディープアンドピープ
え,11,a,暗中模索,アンチュウモサク
え,11,b,艦長法度,カンチョウハット
え,12,a,近傍租界,キンボウソカイ
え,12,b,カマキリファーム,カマキリファーム
え,13,a,PKグリッスル,ピーケーグリッスル
え,13,b,極上レジスタンス,ゴクジョウレジスタンス
え,14,a,とらいあんぐる！,トライアングル
え,14,b,インデックスACG,インデックス
え,15,a,きあのもりびと,キアノモリビト
え,15,b,スペルメーション,スペルメーション
え,16,a,集団暴力,シュウダンボウリョク
え,16,b,H-SQUAD,エイチスクアッド
え,17,a,ふるえんも出版,フルエンモシュッパン
え,17,b,日本ダンディ,ニホンダンディ
え,18,a,Gallery R2,ギャラリーアールツー
え,18,b,ひよりみのソラ,ヒヨリミノソラ
え,19,a,三級河川,サンキュウカセン
え,19,b,FITS　PROJECT,フイッツプロジェクト
え,20,a,対々会,トイトイカイ
え,20,b,夢茶会,ムチャカイ
え,21,a,制服リボン,セイフクリボン
え,21,b,ビストロマウンテン,ビストロマウンテン
え,22,a,ＢＬＡＣＫＭＯＯＮ,ブラックムーン
え,22,b,猫じゃらし,ネコジャラシ
え,23,a,ServiceHeaven,サービスヘブン
え,23,b,三色坊,サンショクボウ
え,24,a,TWILIGHT DUSK,トワイライトダスク
え,24,b,BLUME,ブルーメ
え,25,a,Crooked Navel,クルキッドネイブル
え,25,b,水天堂,スイテンドウ
え,26,a,ガットマキア,ガットマキア
え,26,b,LuckyStripe,ラッキーストライプ
え,27,a,JACK-POT,ジャックポット
え,27,b,鈴根らい地下室,スズネライチカシツ
え,28,a,嗚呼、我等加藤隼戦斗隊,アアワレラカトウハヤブサセントウタイ
え,28,b,てきとう屋,テキトウヤ
え,29,a,SHi's　Laboratory,シーズラボラトリー
え,29,b,裏百鬼夜行,ウラヒャッキヤコウ
え,30,a,ポグロム,ポグロム
え,30,b,秋葉原EG研,アキハバライージーケン
え,31,a,平成茶々丸堂,ヘイセイチャチャマルドウ
え,31,b,天山工房,テンザンコウボウ
え,32,a,タケママ委員会,タケママイインカイ
え,32,b,パラディドル,パラディドル
え,33,a,水滴屋,スイテキヤ
え,33,b,うらまっく,ウラマック
え,34,a,SISTER SCREAMING I DIE,シスタースクリーミングアイダイ
え,34,b,O.RIginal brand,オリジナルブランド
え,35,a,柳葉台,ヤナギバダイ
え,35,b,にぽにぽ,ニポニポ
え,36,a,ろり絵号,ロリエゴウ
え,36,b,夜鷹計画,ヤオウケイカク
え,37,a,綺堂館,キドウカン
え,37,b,宴晩獣S.S.O.S,エンバンジュウソッス
え,38,a,なないろもも組,ナナイロモモグミ
え,38,b,バブルカンパニー,バブルカンパニー
え,39,a,フニフニラボ,フニフニラボ
え,39,b,こうや堂,コウヤドウ
え,40,a,ノラネコノタマ,ノラネコノタマ
え,40,b,かいいぬのぽち,カイイヌノポチ
え,41,a,ソプラノリコーダー,ソプラノリコーダー
え,41,b,MAPLER,マプラー
え,42,a,パンダタイショウ,パンダタイショウ
え,42,b,たもくてきほーる,タモクテキホール
え,43,a,OFF,オフ
え,43,b,sol-fa-soft,ソルファソフト
え,44,a,じどー筆記,ジドーヒッキ
え,44,b,新なんか党,シンナンカトウ
え,45,a,えろり屋,エロリヤ
え,45,b,ふうたまろ,フウタマロ
え,46,a,MIDSUMMER　MADNESS,ミッドサマーマッドネス
え,46,b,絶望しろむじ,ゼツボウシロムジ
え,47,a,ぱやニコフ,パヤニコフ
え,47,b,肌色三昧,ハダイロザンマイ
え,48,a,牙売りあまみ屋,キバウリアミヤ
え,48,b,SaiSonS,セゾン
え,49,a,SlapStickStrike,スラップスティックストライク
え,49,b,迷い猫,マヨイネコ
え,50,a,うずしおわいん,ウズシオワイン
え,50,b,女児ぱんちゅ売場,ジョジパンチュウリバ
え,51,a,廃棄物,ハイキブツ
え,51,b,candy paddle,キャンディーパドル
え,52,a,花尾娼家,ハナオショウケ
え,52,b,愛昧亭,アイマイテイ
お,01,a,乱道ハウス,ランドウハウス
お,01,b,ボナンザ,ボナンザ
お,02,a,三毛にマゲ,ミケニマゲ
お,02,b,REMORA WORKS,レモラワークス
お,03,a,スプリングショット,スプリングショット
お,03,b,Frontier  Planetarium,フロンティアプラネタリウム
お,04,a,硝子の乙女,ガラスノオトメ
お,04,b,ABLISS,アブリス
お,05,a,MULTIVITAMIN,マルチビタミン
お,05,b,Tor,トーア
お,06,a,STM.,エスティエム
お,06,b,LTM.,エルティエム
お,07,a,恵方巻きコルネ,エホウマキコルネ
お,07,b,たぬきの宝箱,タヌキノタカラバコ
お,08,a,チーズ本堂,チーズホンドウ
お,08,b,ぺんぺら工房,ペンペラコウボウ
お,09,a,アカイトイキトミドリノハオト,アカイトイキトミドリノハオト
お,09,b,dandelion smile-light,ダンデライオンスマイライト
お,10,a,ハトノイエ,ハトノイエ
お,10,b,The stairs,ザステアーズ
お,11,a,セイテンのヘキレキ,セイテンノヘキレキ
お,11,b,4☆STARｓ’ ROOM,シスターズルーム
お,12,a,極上素材？！,ゴクジョウソザイ
お,12,b,ラパン・エルドール,ラパンエルドール
お,13,a,スタジオキッチュ,スタジオキッチュ
お,13,b,サークル太平天国,サークルタイヘイテンゴク
お,14,a,ブラック・クラッシャー,ブラッククラッシャー
お,14,b,葵桜秋,キセキ
お,15,a,犬も喰わない,イヌモクワナイ
お,15,b,感謝祭,カンシャサイ
お,16,a,フィルムグレイン,フィルムグレイン
お,16,b,Black Bird,ブラックバード
お,17,a,木持マート出版,キモチマートシュッパン
お,17,b,星の彼方,ホシノカナタ
お,18,a,ぽたぽた,ポタポタ
お,18,b,キャロリータ第２編集部,キャロリータダイニヘンシュウブ
お,19,a,EXTRA GARDEN,エクストラガーデン
お,19,b,エグゼクター,エグゼクター
お,20,a,たまねぎ,タマネギ
お,20,b,ぴよぴよバズーカ,ピヨピヨバズーカ
お,21,a,時事漫画放談,ジジマンガホウダン
お,22,a,BlueMage,ブルーメイジ
お,22,b,ロリの宴,ロリノウタゲ
お,23,a,とかく,トカク
お,23,b,karateka,カラテカ
お,24,a,片耳豚,カタミミブタ
お,24,b,しいちゃんごきたいください,シイチャンゴキタイクダサイ
お,25,a,蒲焼屋&GOLD RUSH,カバヤキヤアンドゴールドラッシュ
お,25,b,ああ愛してる,アアアイシテル
お,26,a,Over:Δ,オーバーデルタ
お,26,b,ＰＩＮＫ,ピンク
お,27,a,うすべに屋,ウスベニヤ
お,27,b,Novia,ノービア
お,28,a,キミウソ,キミウソ
お,28,b,Best of Me,ベストオブミー
お,29,a,アカペンギン,アカペンギン
お,29,b,ヒルスタ,ヒルスタ
お,30,a,Sugar*Berry*Syrup,シュガーベリーシロップ
お,30,b,来つ寝,キツネ
お,31,a,松の庵,マツノアン
お,31,b,ロモタン,ロモタン
お,32,a,黒いみかんのなるももの木,クロイミカンノナルモモノキ
お,32,b,Garimpeiro,ガリンペイロ
お,33,a,ＩＮＤＥＸ：４１０,インデックスヨンイチマル
お,33,b,たまらんち,タマランチ
お,34,a,カンテラ,カンテラ
お,34,b,くるておっ！,クルテオッ
お,35,a,しのしの,シノシノ
お,35,b,ムラムラPocky,ムラムラポッキー
お,36,a,AMAYADORI+,アマヤドリプラス
お,36,b,空魔城,スケマジョウ
お,37,a,にしえりあ,ニシエリア
お,37,b,ベビーベッド,ベビーベッド
お,38,a,ちらりずむ,チラリズム
お,38,b,しあわせ甘味料,シアワセカンミリョウ
お,39,a,sin-maniax,シンマニアクス
お,39,b,40010壱号,シマントイチゴウ
お,40,a,ぶれいんでっど,ブレインデッド
お,40,b,空色まーち,ソライロマーチ
お,41,a,Turning Point,ターニングポイント
お,41,b,タコ墨同盟,タコスミドウメイ
お,42,a,PTD,ピーティーディー
お,42,b,ＣＡＲＡＭＥＬ　ＣＲＵＮＣＨ！,キャラメルクランチ
お,43,a,雪月花,セツゲツカ
お,43,b,かみか堂,カミカドウ
お,44,a,カンヅメ暮らし,カンヅメグラシ
お,44,b,かこひめのうつわ,カコヒメノウツワ
お,45,a,astemio,アステミオ
お,45,b,Tori鍋,トリナベ
お,46,a,エンドレスステージ,エンドレスステージ
お,46,b,杉屋,スギヤ
お,47,a,クレイトス,クレイトス
お,47,b,FALSE-TAIL,フォールステイル
お,48,a,ちぇり☆すの,チェリスノ
お,48,b,左マウス,レフティマウス
お,49,a,ブジマジ,ブジマジ
お,49,b,さんからすりー18,サンカラスリージュウハチ
お,50,a,まいぐれ,マイグレ
お,50,b,xylo,シロフォン
お,51,a,ゴキゲン高飛車,ゴキゲンタカビシャ
お,51,b,涙の針と風の糸,ナミダノハリトカゼノイト
お,52,a,Contamination,コンタミネーション
お,52,b,Cake Rabbits,ケークラビッツ
か,01,a,山田catチャンネル,ヤマダキャットチャンネル
か,01,b,たこわさ部,タコワサブ
か,02,a,PERFECT FETI KID,パーフェクトフェチキッド
か,02,b,WINGLOVE,ウイングラブ
か,03,a,リハビリテーション,リハビリテーション
か,03,b,あ～すあ～す,アースアース
か,04,a,ゆれるちくわぶ,ユレルチクワブ
か,04,b,しろくま亭,シロクマテイ
か,05,a,ＮＡＲＵＨＯ堂,ナルホドウ
か,05,b,ようかい玉の輿,ヨウカイタマノコシ
か,06,a,ひよこもち,ヒヨコモチ
か,06,b,妄想アリア,モウソウアリア
か,07,a,珍譜堂,チンプドウ
か,07,b,カイチョーマニアックス,カイチョーマニアックス
か,08,a,６５５３５あべぬー。,ロクゴゴサンゴアベヌー
か,08,b,虚無の歌,キョムノウタ
か,09,a,あいんず,アインズ
か,09,b,うぃんでぃ,ウィンディ
か,10,a,絢爛ドリーム,ケンランドリーム
か,10,b,Legato,レガート
か,11,a,chestnut tree,チェスナッツツリー
か,11,b,あんこ工房,アンココウボウ
か,12,a,ほわいとくろーばー,ホワイトクローバー
か,12,b,LOLIPO＊,ロリポ
か,13,a,ビタークラウン,ビタークラウン
か,13,b,ZNN,ズィーエヌエヌ
か,14,a,こつぶあん,コツブアン
か,14,b,ぼたんゆき,ボタンユキ
か,15,a,七日分の酸素と水,ナノカブンノサンソトミズ
か,15,b,藤中工房,フジナカコウボウ
か,16,a,おなかすいた同盟,オナカスイタドウメイ
か,16,b,和泉都,イズミノミヤコ
か,17,a,うさぎプロトコル,ウサギプロトコル
か,17,b,DOGYEAR,ドッグイヤー
か,18,a,KZOの書庫,ケーゼットオーノショコ
か,18,b,Like+,ライクプラス
か,19,a,こつなめや,コツナメヤ
か,19,b,おんそく,オンソク
か,20,a,すたーだすとくれいどる,スターダストクレイドル
か,20,b,わたがし,ワタガシ
か,21,a,要,カナメ
か,21,b,ろ～たり～Engine,ロータリーエンジン
か,22,a,ササカミカ,ササカミカ
か,22,b,べりーすいーとぱれっと,ベリースイートパレット
か,23,a,Tri-Anchor,トライアンカー
か,23,b,Q-UBE,キューブ
か,24,a,箱庭の日常図,ハコニワノニチジョウズ
か,24,b,まいなす思考,マイナスシコウ
か,25,a,SGM,エスジーエム
か,25,b,橘庵,タチバナアン
か,26,a,五月雨斬り,サミダレギリ
か,26,b,ひらひら,ヒラヒラ
か,27,a,PATOTO,パトト
か,27,b,やまぶき高校出版部,ヤマブキコウコウシュッパンブ
か,28,a,桶急須,オケキュウス
か,28,b,画廊堂,ガロウドウ
か,29,a,ObsidianOrder,オブシディアンオーダー
か,29,b,そこにわ。,ソコニワ
か,30,a,SBH団,エスビーエイチダン
か,30,b,Diamond lily,ダイヤモンドリリー
か,31,a,幼好炉,ヨウコウロ
か,31,b,萌壊,モエカイ
か,32,a,川の上の彼方,カワノウエノカナタ
か,32,b,マンジュ九匹！,マンジュキュウヒキ
か,33,a,ぷり桃,プリモモ
か,33,b,PＯSITIVE MODE,ポジティブモード
か,34,a,Symphonic Poem,シンフォニックポエム
か,34,b,マイスター竜宮城,マイスターリュウグウジョウ
か,35,a,36回払い,サンジュウロッカイバライ
か,35,b,小花模様,コバナモヨウ
か,36,a,つくしの小道,ツクシノコミチ
か,36,b,特定小電力,トクテイショウデンリョク
か,37,a,PRリスト,ペロリスト
か,37,b,ミスティック・コード,ミスティックコード
か,38,a,はず・軍！,ハズグン
か,38,b,ＢＡＲＢＡＲＯＩ７,バルバロイセブン
か,39,a,ふぇすた。,フェスタ
か,39,b,2side,ニジサイド
か,40,a,タカトビヤ,タカトビヤ
か,40,b,やどかに大回転,ヤドカニダイカイテン
か,41,a,Anthropoids,アンスロポイズ
か,41,b,純粋培養,ジュンスイバイヨウ
か,42,a,ハレンチトースト,ハレンチトースト
か,42,b,電流温泉,デンリュウオンセン
か,43,a,危険物獲扱処,キケンブツトリアツカイショ
か,43,b,十六茶房,ジュウロクサボウ
か,44,a,いろどり屋,イロドリヤ
か,44,b,テニーレ隊&3MEGA.ne,テニーレタイアンドサンメガネ
か,45,a,槐夢書房,カイムショボウ
か,45,b,Halfbaked Bird,ハーフベイクドバード
か,46,a,CO-MIX,コミックス
か,46,b,A-Anima,エーアニマ
か,47,a,SSB,エスエスビー
か,47,b,Road Side Roman,ロードサイドロマン
か,48,a,エレクトリックロクゲン,エレクトリックロクゲン
か,48,b,I.G.Project,アイジープロジェクト
か,49,a,あーびーのーまる,アービーノーマル
か,49,b,はっぴぃまてりぃある,ハッピィマテリィアル
か,50,a,orzコミュショーズ,コミュショーズ
か,50,b,やつりん,ヤツリン
か,51,a,tricot roller,トリコローラー
か,51,b,ぽいふる,ポイフル
か,52,a,チョコレートフォンデュ,チョコレートフォンデュ
か,52,b,備前式ロロップ,ビゼンシキロロップ
き,01,a,やまぐち楼,ヤマグチロウ
き,01,b,gum,ガム
き,02,a,ｆ２２,エフニジュウニ
き,02,b,うなぎやさん,ウナギヤサン
き,03,a,アークポエミィ,アアクポエミィ
き,03,b,Studio ImPlant,スタジオインプラント
き,04,a,猫のいる幸せ亭,ネコノイルシアワセテイ
き,04,b,栗や松茸,クリヤマツタケ
き,05,a,ORIONLINE,オリオンライン
き,05,b,ひぢりや,ヒヂリヤ
き,06,a,超ゆとり教育,チョウユトリキョウイク
き,06,b,もちこや,モチコヤ
き,07,a,アンアーク,アンアーク
き,07,b,Lakeside,レークサイド
き,08,a,画殺者,ガサツモノ
き,08,b,DERAビル,デラビル
き,09,a,Gate of XIII,ゲートオブサーティーン
き,09,b,D'ERLANGER,デランジェ
き,10,a,Airis,アイリス
き,10,b,鰐隠れの里,ワニガクレノサト
き,11,a,エ　リンギ,エ　リンギ
き,11,b,Garland,ガーランド
き,12,a,満塁ホームラン,マンルイホームラン
き,12,b,狭山剣友会,サヤマケンユウカイ
き,13,a,ハイブリッド事務室,ハイブリッドジムシツ
き,13,b,関西オレンジ,カンサイオレンジ
き,15,a,GREAT芥,グレイトアクタ
き,15,b,ねことはと,ネコトハト
き,16,a,RADIOSTAR,レディオスター
き,16,b,ディオゲネスクラブ,ディオゲネスクラブ
き,17,a,ARTRON,アートロン
き,17,b,我楽多屋,ガラクタヤ
き,18,a,マルキリプラン,マルキリプラン
き,18,b,千代古工房,チョココウボウ
き,19,a,ＲＰＧカンパニー２,アールピージーカンパニーツー
き,19,b,男魂,オトコダマ
き,20,a,にくにくイタリアン,ニクニクイタリアン
き,20,b,JoyDivision,ジョイディヴィジョン
き,21,a,轟天道場,ゴウテンドウジョウ
き,21,b,BUMPMANIA,バンプマニア
き,22,a,空中下シフトキー,クウチュウシタシフトキー
き,22,b,ura屋,ウラヤ
き,23,a,流川役所,ナガレカワヤクショ
き,23,b,MAMEDAIHUKU,マメダイフク
き,24,a,べつやくFC,ベツヤクエフシー
き,24,b,JNPC～JRA新聞社～,ジェイエヌピーシー　ジェイアールエーシンブンシャ
き,25,a,Vividness Rain Maker,ヴィヴィッドネスレインメイカー
き,25,b,からあげ砂肝,カラアゲスナギモ
き,26,a,夜の勉強会,ヨルノベンキョウカイ
き,26,b,かしわ屋,カシワヤ
き,27,a,Quantum Device,クアンタムデバイス
き,27,b,海鮮帝国,カイセンテイコク
き,28,a,カミナリネコ,カミナリネコ
き,28,b,ゲスの孔,ゲスノアナ
き,29,a,NEKO TRIBOTECH,ネコトライボテック
き,29,b,スタミナ蕎麦,スタミナソバ
き,30,a,Applesauce,アップルソース
き,30,b,テンタイ→カンソク,テンタイカンソク
き,31,a,Egg×Tag,エッグタグ
き,31,b,あるぺ☆かんぱにー,アルペカンパニー
き,32,a,Melodic Taste,メロディックテイスト
き,32,b,湘南ライフライナー,ショウナンライフライナー
き,33,a,かにぶろ,カニブロ
き,33,b,ciesse,チェッセ
き,34,a,north　wind,ノースウィンド
き,34,b,焼きそば太郎,ヤキソバタロウ
き,35,a,朝霞台アニメ研究会,アサカダイアニメケンキュウカイ
き,35,b,思想脳労,シソウノウロウ
き,36,a,C.N.P,シーエヌピー
き,36,b,ジュピターゴースト,ジュピターゴースト
き,37,a,COMPLEX,コンプレックス
き,37,b,あくあクレア,アクアクレア
き,38,a,コマンドー,コマンドー
き,38,b,らいじんぐさん,ライジングサン
き,39,a,shakestyle,シェイクスタイル
き,39,b,Forest snow,フォレストスノウ
き,40,a,studio z.m,スタジオゼットエム
き,40,b,鉄棒少年,テツボウショウネン
き,41,a,某研究所３０３号室,ソレガシケンキュウジョ
き,41,b,柳屋本舗,ヤナギヤホンポ
き,42,a,ami-だぶつ,アミダブツ
き,42,b,ParadiseGom,パラダイスゴム
き,43,a,悪魔の絵本拍手団,アクマノエホンハクシュダン
き,43,b,COTTON100%,コットンヒャクパーセント
き,44,a,千本トリイ,センボントリイ
き,44,b,謎の黒猫団,ナゾノクロネコダン
き,45,a,土留めの詰り,ドドメノツマリ
き,45,b,RAT TAIL,ラット　テール
き,46,a,人外魔境倶楽部,ジンガイマキョウクラブ
き,46,b,K.M.M.R.中性微子,ケイエムエムアールチュウセイビシ
き,47,a,飛行潜水亭,ヒコウセンスイテイ
き,47,b,umegrafix,ウメグラフィックス
き,48,a,サンセット,サンセット
き,48,b,Ａｕｔｏｂａｈｎ,アウトバーン
き,49,a,爆裂風船,バクレツフウセン
き,49,b,すたじお・ぱふぇ,スタジオパフェ
き,50,a,ケダモノ屋さん,ケダモノヤサン
き,50,b,SABO-P,サボピー
き,51,a,Fluffy,フラッフィー
き,51,b,瓦屋本舗,カワラヤホンポ
き,52,a,パンツ騎士団,パンツキシダン
き,52,b,彩画堂,サイガドウ
く,01,a,ＧＴ　Ｗｏｒｋｓ,ジーティーワークス
く,01,b,パワースライド,パワースライド
く,02,a,IV VA SHIN,シヴァシン
く,02,b,木刀,キガタナ
く,03,a,ぎょぎょぎょカンパニー,ギョギョギョカンパニー
く,03,b,しょんなか堂,ションナカドウ
く,04,a,これっと,コレット
く,04,b,なにわ軌道,ナニワキドウ
く,05,a,猫イラズ,ネコイラズ
く,05,b,cochonnerie,コショヌリ
く,06,a,Ruler Shot,ルーラーショット
く,06,b,とりこトリック,トリコトリック
く,07,a,おつきみ工房,オツキミコウボウ
く,07,b,カツオ,カツオ
く,08,a,Do-LUCK,ドゥーラック
く,08,b,隣ノ人,トナリノヒト
く,09,a,七兎峰娘,シットホウニャン
く,09,b,Atelier Alice,アトリエアリス
く,10,a,浜せい,ハマセイ
く,10,b,あふりかんドッグ,アフリカンドッグ
く,11,a,牛久屋,ウシクヤ
く,11,b,金満商事,キンマンショウジ
く,12,a,田舎工房,イナカコウボウ
く,12,b,UTUMNO,ウトゥムノ
く,13,a,学園ぷろぽりす,ガクエンプロポリス
く,13,b,シャチさんチーム(orca.mh),シャチサンチームオルカドットエムエイチ
く,14,a,遊貧乏将軍,アソビンボウショウグン
く,14,b,かるあみるく,カルアミルク
く,15,a,だったん装攻,ダッタンソウコウ
く,15,b,丸描,マルカキ
く,16,a,ふぉっくす・わん,フォックスワン
く,16,b,cort,コート
く,17,a,第8装甲連隊,ダイハチソウコウレンタイ
く,17,b,土鳩団,ドバトダン
く,18,a,ぱきぽぢうむ,パキポヂウム
く,18,b,幻影帝都,ゲンエイテイト
く,19,a,言の葉,コトノハ
く,19,b,ヤクーツク特攻隊,ヤクーツクトッコウタイ
く,20,a,アジサイデンデン,アジサイデンデン
く,20,b,でぃれ～だー,ディレーダー
く,21,a,おとな出版,オトナシュッパン
く,21,b,碧月夜,アツキヤ
く,22,a,しののめ商店＠ことパン,シノノメショウテンアットコトパン
く,22,b,しまぱんアイスキャンディー,シマパンアイスキャンディー
く,23,a,習志野海盗団,ナラシノカイトウダン
く,23,b,おとめのはにかみ,オトメノハニカミ
く,24,a,地震過剰,ジシンカジョウ
く,24,b,プラチナきのこ,プラチナキノコ
く,25,a,Circle-FIORE,サークルフィオレ
く,25,b,ETC×ETC,エトセトラエトセトラ
く,26,a,TrinkeT,トリンケット
く,26,b,まねきねこ,マネキネコ
く,27,a,L-TAKE,エルテイク
く,27,b,K2Corp.,ケイケイコーポレイション
く,28,a,Negoto,ネゴト
く,28,b,りんとねこ,リントネコ
く,29,a,ナッシングフェイズ,ナッシングフェイズ
く,29,b,まじん工房,マジンコウボウ
く,30,a,鳥の屋,トリノヤ
く,30,b,セシールファン倶楽部,セシールファンクラブ
く,31,a,産地直送マグロ団,サンチチョクソウマグロダン
く,31,b,ダルマルダ,ダルマルダ
く,32,a,ギャンブラー倶楽部,ギャンブラークラブ
く,32,b,KES,ケーイーエス
く,33,a,むむむ,ムムム
く,33,b,WICKEDHEART,ウィキッドハート
く,34,a,ふらいぱん大魔王,フライパンダイマオウ
く,34,b,BLAZE,ブレイズ
く,35,a,あめみず,アメミズ
く,35,b,パンダコアラ社,パンダコアラシャ
く,36,a,pipit,ピピット
く,36,b,観用少年,カンヨウショウネン
く,37,a,Misty Isle,ミスティアイル
く,37,b,かくこのか,カクコノカ
く,38,a,ほしとつきと,ホシトツキト
く,38,b,おぬのこす,オヌノコス
く,39,a,ぶらっくしゃど～,ブラックシャドー
く,39,b,山猫BOX,ヤマネコボックス
く,40,a,トリコミ,トリコミ
く,40,b,MMM37番地,エムエムエムサンジュウナナバンチ
く,41,b,サークルヘロン,サークルヘロン
く,42,a,ART=THEATER,アートシアター
く,42,b,世田谷ボロ市,セタガヤボロイチ
く,43,a,みたらし倶楽部,ミタラシクラブ
く,43,b,亀祥堂,キッショウドウ
く,44,a,ニポポクライシス,ニポポクライシス
く,44,b,OVACAS,オヴァカーズ
く,45,a,世界革命倶楽部,セカイカクメイクラブ
く,45,b,デコ戦地帯,デコセンチタイ
く,46,a,2ストローク,ツーストローク
く,46,b,SYSTEM BASIC,システムベーシック
く,47,a,食客屋,ショッカクヤ
く,47,b,N-style,エヌスタイル
く,48,a,塩屋,シオヤ
く,48,b,愛鉛奇縁,アイエンキエン
く,49,a,世渡工場,ヨワタリコウバ
く,49,b,たぬきんぐすりーぷ,タヌキングスリープ
く,50,a,BONUSSHOP,ボーナスショップ
く,50,b,超時空要塞カチューシャ,チョウジクウヨウサイカチュ
く,51,a,轟音,ゴウオン
く,51,b,想詰め,オモヅメ
く,52,a,ノア,ノア
く,52,b,Artificial Eden,アーティフィシャルエデン
け,01,a,TSK-BAR,タスクバー
け,01,b,creseed,クレシード
け,02,a,Le roi des coqs,ルロワデコック
け,02,b,Z-FRONT,ジーフロント
け,03,a,えんま屋,エンマヤ
け,03,b,パラミター,パラミター
け,04,a,かにどうらく,カニドウラク
け,04,b,新とかげHOUSE,シントカゲハウス
け,05,a,ビィスタヂヲ,ビィスタヂヲ
け,05,b,大黒屋本舗,ダイコクヤホンポ
け,06,a,3xALT,ドライアルト
け,06,b,ハルるーん,ハルルーン
け,07,a,S.E.S,エスイーエス
け,07,b,brilliant thunder,ブリリアントサンダー
け,08,a,AQUA-BRAND,アクアブランド
け,08,b,ママグル徒,ママグルト
け,09,b,アイソカーブ,アイソカーブ
け,10,a,あろまガエル,アロマガエル
け,10,b,でらしょぼ会,デラショボカイ
け,11,b,ひつじのむんこ肥料,ヒツジノムンコヒリョウ
け,12,a,ASTRA'S,アストラズ
け,12,b,咳寝,セキネ
け,13,a,エジプトそば屋,エジプトソバヤ
け,13,b,闇に蠢く,ヤミニウゴメク
け,14,a,chested,チェスト
け,14,b,Falcon's Nest,ファルコンズネスト
け,15,a,全裸レストラン,ゼンラレストラン
け,15,b,最果て空間,サイハテクウカン
け,16,a,くおん堂,クオンドウ
け,16,b,ざっぷ,ザップ
け,17,a,seventh colors,セブンスカラーズ
け,17,b,skeleton scape,スケルトンスケイプ
け,18,a,lulumocha,ルルモカ
け,18,b,冬宮,トウグウ
け,19,a,ネテクラス,ネテクラス
け,19,b,Underwhite,アンダーホワイト
け,20,a,Aardvark,アードバーク
け,20,b,日本ワルワル同盟,ニホンワルワルドウメイ
け,21,a,L.O. 6th,エルオーシックス
け,21,b,ねこごろ,ネコゴロ
け,22,a,あかなぎ,アカナギ
け,22,b,パペットプレイ,パペットプレイ
け,23,a,カチワリ実験室,カチワリジッケンシツ
け,23,b,暴走!!不発団,ボウソウフハツダン
け,24,a,くるみ並木,クルミナミキ
け,24,b,A極振り,エーゴクブリ
け,25,a,常夏島,トコナツトウ
け,25,b,ぱるぷんて,パルプンテ
け,26,a,遺伝子の舟,イデンシノフネ
け,26,b,自爆SYSTEM,ジバクシステム
け,27,a,ROUND-HOUSE,ラウンドハウス
け,27,b,NAS-ON-CH,ナスオンチャンネル
け,28,a,弾丸ハニィ,ダンガンハニィ
け,28,b,フリークス,フリークス
け,29,a,Copy & Paste,コピーアンドペースト
け,29,b,俺たちミスノン一家,オレタチミスノンイッカ
け,30,a,Spread-Pink,スプレットピンク
け,30,b,Snow　Ring,スノーリング
け,31,a,油照紙,アブラデリカミ
け,31,b,GEGERA STANDARD,ゲゲラスタンダード
け,32,a,大本営,ダイホンエイ
け,32,b,スカポン堂,スカポンドウ
け,33,a,P-FOREST,ピーフォレスト
け,33,b,赤いマルボロ,アカイマルボロ
け,34,a,ひとかげのしっぽ,ヒトカゲノシッポ
け,34,b,丘の上のタラコ,オカノウエノタラコ
け,35,a,P:P,ピーピー
け,35,b,TEILTYPE,テイルタイプ
け,36,a,釣りキチ同盟,ツリキチドウメイ
け,36,b,夕猫亭,ユウネコテイ
け,37,a,あとりえひなた,アトリエヒナタ
け,37,b,けんけら´,ケンケラダッシュ
け,38,a,まるあらい,マルアライ
け,38,b,休憩所,キュウケイジョ
け,39,a,Santa☆Festa!,サンタフェスタ
け,39,b,ActiveMover,アクティブムーバー
け,40,a,丹下拳闘倶楽部,タンゲケントウクラブ
け,40,b,よこたま,ヨコタマ
け,41,a,すぺくとら,スペクトラ
け,41,b,玩具家電,オモチャカデン
け,42,a,ARCHANGEL,アークエンジェル
け,42,b,マークス,マークス
け,43,a,Pit&Oasis+,ピットアンドオアシスプラス
け,43,b,まくねいる工房,マクネイルコウボウ
け,44,a,八王子海パン突撃騎兵隊,ハチオウジカイパントツゲキキヘイタイ
け,44,b,超平板小娘電視台,チョウヘイバンコムスメデンシダイ
け,45,a,ねぐろす,ネグロス
け,45,b,くみん　しーど,クミンシード
け,46,a,MGW,エムジーダブリュー
け,46,b,Jekyll and Hyde,ジキルアンドハイド
け,47,a,雨細工,アメザイク
け,47,b,加州大飯店,カシュウダイハンテン
け,48,a,翼鈴,ヨクレイ
け,48,b,Studio 49ers,スタジオフォーティナイナー
け,49,a,INNOCENT WORKS,イノセントワークス
け,49,b,最終狗猫決戦,サイシュウイヌネコケッセン
け,50,a,ぴろーん,ピローン
け,50,b,ピグロリオン,ピグロリオン
け,51,a,かに家,カニヤ
け,51,b,たまかけ屋,タマカケヤ
け,52,a,ニリツハイハン,ニリツハイハン
け,52,b,47sp.,ヨンナナエスピー
こ,01,a,うたのね堂,ウタノネドウ
こ,01,b,フェタルサ,フェタルサ
こ,02,a,あめいろ,アメイロ
こ,02,b,のうちらす工房,ノウチラスコウボウ
こ,03,a,大艦巨砲組,タイカンキョホウグミ
こ,03,b,牛乳家族,ギュウニュウカゾク
こ,04,a,三脚ラセン,サンキャクラセン
こ,04,b,ぱるくす,パルクス
こ,05,a,ryu-minBS,リューミンビーエス
こ,05,b,メタボ喫茶異臭騒ぎ,メタボキッサイシュウサワキ
こ,06,a,ナイクト,ナイクト
こ,06,b,かみやん,カミヤン
こ,07,a,SHINING,シャイニング
こ,07,b,其レ屋,ソレヤ
こ,08,a,はるまん会,ハルマンカイ
こ,08,b,オレンヂブック,オレンヂブック
こ,09,a,おほしさま堂,オホシサマドウ
こ,09,b,年中平穏亭,ネンジュウヘイオンテイ
こ,10,a,スリースターズ,スリースターズ
こ,10,b,ぶれいくたいむ,ブレイクタイム
こ,11,a,HGH,エイチジーエイチ
こ,11,b,高井戸亭,タカイドテイ
こ,12,a,三十八式機関銃,サンジュウハチシキキカンジュウ
こ,12,b,Fool and Cool,フールアンドクール
こ,13,a,HIMEtoHIME,ヒメトヒメ
こ,13,b,BLA KET,ブラケット
こ,14,a,Summer vacation,サマーバケーション
こ,14,b,ＲＥＤ  ＤＲＡＧＯＮ,レッドドラゴン
こ,15,a,小作人列伝!!,コサクニンレツデン
こ,15,b,ギコガコ堂,ギコガコドウ
こ,16,a,しを堂。,シヲドウ
こ,16,b,鈴風堂,スズカゼドウ
こ,17,a,R・blue,アールブルー
こ,17,b,Imitation Moon,イミテーションムーン
こ,18,a,MAPLE☆BLACK,メイプルブラック
こ,18,b,NextPreview,ネクストプレビュー
こ,19,a,ココアホリック,ココアホリック
こ,19,b,マジカルウィッチ,マジカルウィッチ
こ,20,a,タマゴ屋,タマゴヤ
こ,21,a,hlz,エイチエルゼット
こ,21,b,Marvelous Grace,マーベラスグレイス
こ,22,a,Take Out,テイクアウト
こ,22,b,稲荷堂書店,イナリドウショテン
こ,23,a,D-とらいあんぐる,ディートライアングル
こ,23,b,かじむらマーケット,カジムラマーケット
こ,24,a,野麦茶,ノムギチャ
こ,24,b,BRIEST,ブライスト
こ,25,a,こねこのまんま,コネコノマンマ
こ,26,a,す茶らか本舗,スチャラカホンポ
こ,26,b,ももきゅー,モモキュー
こ,27,a,DIFFERENCE,ディファレンス
こ,27,b,チロル文庫,チロルブンコ
こ,28,a,しばかれい,シバカレイ
こ,28,b,あーすどりーむ,アースドリーム
こ,29,a,MixBerry*Tarte,ミックスベリータルト
こ,29,b,東ガル会,トウガルカイ
こ,30,a,BELL'S BRAND,ベルズブランド
こ,30,b,POP★LEE,ポップリー
こ,31,a,無限画廊,ムゲンガロウ
こ,31,b,筋肉増強剤,キンニクゾウキョウザイ
こ,32,a,マドカミ町奇譚,マドカミマチキタン
こ,32,b,優希M.K.C.&秒殺狸団,ユウキエムケイシーアンドビョ
こ,33,a,おかみかいこう,オカミカイコウ
こ,33,b,えねるぎあ,エネルギア
こ,34,a,【A☆5】,エイゴ
こ,34,b,ほわいとくっきー,ホワイトクッキー
こ,35,a,りんぐる,リングル
こ,35,b,蒼月の夜想曲,ソウゲツノヤソウキョク
こ,36,a,仙人掌堂本舗,サボテンドウホンポ
こ,36,b,てけれつのパァ,テケレツノパァ
こ,37,a,バネ入り十六連射,バネイリジュウロクレンシ
こ,37,b,歩屋,ホヤ
こ,38,a,cherrytown,チェリータウン
こ,38,b,かみくい,カミクイ
こ,39,a,Nothing-Plan,ナッシングプラン
こ,39,b,風のごとく！,カゼノゴトク
こ,40,a,朧＆天蓬元帥堂,オボロアンドテンポウゲンスイドウ
こ,40,b,HELLOWORLD,ハローワールド
こ,41,a,シュークリーム・サンデーっ！,シュークリーム・サンデーッ！
こ,41,b,小川神宮,オガワジングウ
こ,42,a,秘密結社M,ヒミツケッシャエム
こ,42,b,堕落事故調査委員会,ダラクジコチョウサイインカイ
こ,43,a,ももいろほっぺ,モモイロホッペ
こ,43,b,ぷらちな,プラチナ
こ,44,a,そらのたね。,ソラノタネ
こ,44,b,RINARINA,リナリナ
こ,45,a,だきまくま,ダキマクマ
こ,45,b,油麻亭,ヤウマテイ
こ,46,a,ZOOYA!,ズーヤ
こ,46,b,おががが荘,オガガガソウ
こ,47,a,ケロッコ,ケロッコ
こ,47,b,チロル算,チロルザン
こ,48,a,エゾクロテン,エゾクロテン
こ,48,b,水銀シガレット,スイギンシガレット
こ,49,a,犯罪未遂ＰＲＯＪＥＣＴ,ハンザイミスイプロジェ
こ,49,b,めたもるふぉーぜ,メタモルフォーゼ
こ,50,a,True-Bell,トゥルーベル
こ,50,b,はよにぽ,ハヨニポ
こ,51,a,U・R・C,ユーアルーシー
こ,51,b,ムチムチ7,ムチムチセブン
こ,52,a,スタジオみずよーかん,スタジオミズヨーカン
こ,52,b,なかだし 共の会,ナカダシトモノカイ
さ,01,a,Project　ATM,プロジェクトエーティーエム
さ,01,b,黒雪,クロユキ
さ,02,a,アクオチスキー教室,アクオチスキーキョウシツ
さ,02,b,moon place,ムーンプレイス
さ,03,a,Gare du Nord,ガレドノード
さ,03,b,ねこめし屋,ネコメシヤ
さ,04,a,碧海星,アオミボシ
さ,04,b,にゃごズ,ニャゴズ
さ,05,a,K^2友の怪,ケイツートモノカイ
さ,05,b,ワイワイト,ワイワイト
さ,06,a,ヘサヘサ,ヘサヘサ
さ,06,b,バカプロ,バカプロ
さ,07,a,スタジオかつ丼,スタジオカツドン
さ,07,b,赤玉屋,アカダマヤ
さ,08,a,天空の調理人,テンクウノチョウリニン
さ,08,b,マツゲアンテナ,マツゲアンテナ
さ,09,a,hasemi_box,ハセミボックス
さ,09,b,hangout,ハングアウト
さ,10,a,はるむ職品工房,ハルムショクヒンコウボウ
さ,10,b,はっちゃけ荘,ハッチャケソウ
さ,11,a,Planet555,プラネットゴーゴーゴ
さ,11,b,Pannacotta,パンナコッタ
さ,12,a,夢屋本舗,ユメヤホンポ
さ,12,b,まごの亭,マゴノテイ
さ,13,a,SONIC WINTER,ソニックウインター
さ,13,b,ナイロン100%,ナイロンヒャクパーセント
さ,14,a,ニャンミラ仝,ニャンミラ
さ,14,b,Ｐｏｉｄ,ポイド
さ,15,a,vivid_dot,ヴィヴィットドット
さ,15,b,ショコラフル,ショコラフル
さ,16,a,スピカ,スピカ
さ,16,b,ホテイガーデン,ホテイガーデン
さ,17,a,もう春だね,モウハルダネ
さ,17,b,ろっくおん！！,ロックオン
さ,18,a,chocolmarron,チョコマロン
さ,18,b,アプラクサス研究所,アプラクサスケンキュウショ
さ,19,a,Moon Cloud,ムーンクラウド
さ,19,b,にわとりとわに,ニワトリトワニ
さ,20,a,volunteers,ボランティアーズ
さ,20,b,両天秤,リョウテンビン
さ,21,a,舞子海岸迄五分,マイコカイガンマデゴフン
さ,21,b,レールスター,レールスター
さ,22,a,AND then a revitalized NIGHT,アンドゼンアリビタライズドナイト
さ,22,b,Wolf,ウルフ
さ,23,a,マヒマヒクラブ,マヒマヒクラブ
さ,23,b,ＫＫ．ＳＴＵＤＩＯ,ケーケースタジオ
さ,24,a,JLNB,ジェイエルエヌビー
さ,24,b,しらたま肉球,シラタマニクキュウ
さ,25,a,LolitaChannel,ロリータチャンネル
さ,25,b,おれんじ★ぷろじぇくと,オレンジプロジェクト
さ,26,a,STUDIO S.D.T.,スタジオエスディーティー
さ,26,b,ぽよぽよスカイ,ポヨポヨスカイ
さ,27,a,エアリアル,エアリアル
さ,27,b,ディエップ工房,ディエップコウボウ
さ,28,a,カニキエル,カニキエル
さ,28,b,Platina Comet,プラチナコメット
さ,29,a,おしるこ缶,オシルコカン
さ,29,b,AQUA　SPACE,アクアスペース
さ,30,a,シャインの少女,シャインノショウジョ
さ,30,b,うに亭,ウニテイ
さ,31,a,麦畑,ムギバタケ
さ,31,b,waterwheel,ウォーターホイール
さ,32,a,おなご屋,オナゴヤ
さ,32,b,なたくが行く！,ナタクガユク
さ,33,a,混沌の女神様,コントンノメガミサマ
さ,33,b,BITTER　SMILE,ビタースマイル
さ,34,a,えこふぃるたぁ,エコフィルタァ
さ,34,b,あちゅみ帝國,アチュミテイコク
さ,35,a,ｃｈｏｃｏｒａ■,チョコラプラス
さ,35,b,PARALLEL ACT,パラレルアクト
さ,36,a,Hourglassとヘルニア天国,アワーグラストヘルニアテンゴク
さ,36,b,萌次元,モエジゲン
さ,37,a,ほっとちょこ,ホットチョコ
さ,37,b,日本高楊枝化計画,ニッポンタカヨウジカケイカク
さ,38,a,じのり屋,ジノリヤ
さ,38,b,Elf Parcel,エルフパーセル
さ,39,a,敷島贋具,シキシマガング
さ,39,b,夜★FUCKERS,ナイトファッカーズ
さ,40,a,堕天使の坑,ダテンシノアナ
さ,40,b,怪楽集団,カイラクシュウダン
さ,41,a,五十鈴楼,イスズロウ
さ,41,b,八幡社務所,ハチマンシャムショ
さ,42,a,sevendeadlysins,セヴンデッドリーサイン
さ,42,b,鍋猫うどん,ナベネコウドン
さ,43,a,みのむし屋,ミノムシヤ
さ,43,b,F.A.R,エフエーアール
さ,44,a,桃色ぽっぷこーん,モモイロポップコーン
さ,44,b,我城,ガジョウ
さ,45,a,PLANET PORNO,プラネットポルノ
さ,45,b,water palette,ウォーターパレット
さ,46,a,R・R管制塔,アルアルカンセイトウ
さ,46,b,スタジオSKB,スタジオエスケービー
さ,47,a,MUSA-C,ムサシー
さ,47,b,ビロボン,ビロボン
さ,48,a,フランカー,フランカー
さ,48,b,Desert Fox,デザートフォックス
さ,49,a,チーム　プラスＹ,チームプラスワイ
さ,49,b,Fetish Children,フェティッシュチルドレン
さ,50,a,青年紳士同盟,セイネンシンシドウメイ
さ,50,b,（株）藤沢みなと新鮮館,フジサワミナトシンセンカン
さ,51,a,しましまPNT,シマシマピーエヌティー
さ,51,b,ROUTE08,ルートゼロハチ
さ,52,a,町田チェリーボーイズ,マチダチェリーボーイズ
さ,52,b,七つの鍵穴,ナナツノカギアナ
し,01,a,猫専用牛乳,ネコセンヨウギュウニュウ
し,01,b,紅の月蝕,クレナイノゲッショク
し,02,a,出涸らし同盟,デガラシドウメイ
し,02,b,みっしょん・こんぷり～と？,ミッションコンプリート
し,03,a,PRISM MAGIC,プリズムマジック
し,03,b,ももしば杏子,モモシバアンズ
し,04,a,FREEDOM,フリーダム
し,04,b,HEATWAVE,ヒートウェーブ
し,05,a,トゲナシトゲトゲ党,トゲナシトゲトゲトウ
し,05,b,サーティセイバーストリート,サーティセイバーストリート
し,06,a,マルシェ,マルシェ
し,06,b,東洋大学キャラクター文化研究会,トウヨウダイガクキャラクターブンカケンキュウカイ
し,07,a,xoxoメロン,メロメロメロン
し,07,b,moriQ,モリキュ
し,08,a,白いのめがね。,シロイノメガネ
し,08,b,大井亭,オオイテイ
し,09,a,拡張パーツ,カクチョウパーツ
し,09,b,ｓｔｕｄｉｏ　Ａ,スタジオアー
し,10,a,軒下のかたつむり,ノキシタノカタツムリ
し,10,b,maverick,マーヴェリック
し,11,a,Turtle Cookies,タートルクッキーズ
し,12,a,お茶屋。,オチャヤ
し,12,b,Mizore Art Garden,ミゾレアートガーデン
し,13,a,第弐分室,ダイニブンシツ
し,13,b,鬼きび党,オニキビトウ
し,14,a,RED RIBBON REVENGER,レッドリボンリベンジャー
し,14,b,Faker's Manual,フェイカーズマニュアル
し,15,a,新高山登山隊,ニイタカヤマトザンタイ
し,15,b,B.BRS.,ビービーアールエス
し,16,a,かぼちゃ大王,カボチャダイオウ
し,16,b,Birth,バース
し,17,a,カシコマル,カシコマル
し,17,b,モンキー・アドベンチャー,モンキー・アドベンチャー
し,18,a,ぱわふるここあ＆地球平和堂,パワフルココアアンドチキュウヘイワドウ
し,18,b,ZIN-arise,ジナライズ
し,19,a,ZodiacIndustry,ゾディアクインダストリー
し,19,b,つじもが町に殺ってきた,ツジモガマチニヤッテキタ
し,20,a,ブロンコ一人旅,ブロンコヒトリタビ
し,20,b,きりんのちさと,キリンノチサト
し,21,a,bluebayou,ブルーバイユー
し,21,b,天秤を揺らす女,テンビンヲユラスオンナ
し,22,a,G企画,ジイキカク
し,22,b,BurstBomb.T,バーストボムドットティ
し,23,a,こはくいろ,コハクイロ
し,23,b,羊狐の館,ヨウコノヤカタ
し,24,a,Ｄ＆Ｔ,ディーアンドティー
し,24,b,M.J.C.,エムジェイシー
し,25,a,GCSクラブ,ジーシーエスクラブ
し,25,b,Ｇ・カンパニー,ジーカンパニー
し,26,a,ねむれるしし,ネムレルシシ
し,26,b,JUGEM,ジュゲム
し,27,a,M-EVOLUTION,エムエボリューション
し,27,b,NoSleeve,ノースリーブ
し,28,a,DGProject,ディージープロジェクト
し,28,b,オービター,オービター
し,29,a,Recklescape,レックレスケイプ
し,29,b,Damascus,ダマスカス
し,30,a,ミヤタバ,ミヤタバ
し,30,b,Empty Lounge,エンプティラウンジ
し,31,a,armaros,アーマロス
し,32,a,やの丸,ヤノマル
し,32,b,ゲームレジェンド実行委員会,ゲームレジェンドジッコウイインカイ
し,33,a,アーケードゲーム愛好会AMP,アーケードゲームアイコウカイエイエムピー
し,33,b,ゲー夢エリア51,ゲームエリアゴジュウイチ
し,34,a,Y.Y.Y,ワイワイワイ
し,34,b,ファミコン倶楽部,ファミコンクラブ
し,35,a,青空亭,アオゾラテイ
し,35,b,North Work,ノースワーク
し,36,a,俺じゃ駄目か？,オレジャダメカ
し,36,b,趣遊,シュユウ
し,37,a,Azto,アジト
し,37,b,上田丸子電機商会,ウエダマルコデンキショウカイ
し,38,a,炊き出し所,タキダシジョ
し,38,b,ぴんくすとろべりぃ,ピンクストロベリィ
し,39,a,HellDevice,ヘルデバイス
し,39,b,特別行動隊,トクベツコウドウタイ
し,40,a,木工用味噌,モッコウヨウミソ
し,40,b,Kitty-Kids,キティキッズ
し,41,a,苺ファックス,イチゴファックス
し,41,b,テンパりんぐ,テンパリング
し,42,a,udura,ウヅラ
し,42,b,まいけるまいやーず★,マイケルマイヤーズ
し,43,a,虹を待ちながら,ニジヲマチナガラ
し,43,b,The Seventh Sign,ザセブンスサイン
し,44,a,ハレサク,ハレサク
し,44,b,侍,サムライ
し,45,a,イコラント,イコラント
し,45,b,佐々木無宇商店,ササキムウショウテン
し,46,a,ＢＯＢＣＡＴＥＲＳ,ボブキャッターズ
し,46,b,松山せいじ,マツヤマセイジ
し,47,a,ONEGROSS,ワングロス
し,47,b,SERO-SERO,セロセロ
し,48,a,しおん！,シオン
し,48,b,わーるどどみねーしょん,ワールドドミネーション
し,49,a,snowrabbit,スノーラビット
し,49,b,Xs-photon,エクセスフォトン
し,50,a,2-SHOT☆,ツーショットスター
し,50,b,SUPER　SHOT,スーパーショット
し,51,a,100PIA,ヒャクピア
し,51,b,手袋家,テブクロケ
し,52,a,PINK.in BLACK,ピンクドットインブラック
し,52,b,valssu,ファルス
す,01,a,流弾屋,ナガレダマヤ
す,01,b,ゴロメンツ,ゴロメンツ
す,02,a,アングラヘル,アングラヘル
す,02,b,月刊イスタンブール,ゲッカンイスタンブール
す,03,a,すちゃらか騎士！,スチャラカナイト
す,03,b,聖人エデン,ショウニンエデン
す,04,a,東和会,トウワカイ
す,04,b,セルロイドブラザーズ,セルロイドブラザーズ
す,05,a,なせなる,ナセナル
す,05,b,とんぼり,トンボリ
す,06,a,AERIAL RAVE,エリアルレイブ
す,06,b,すぱいしーちきん☆,スパイシーチキン
す,07,a,池袋DPC,イケブクロディーピーシー
す,07,b,るきるきＥＸＩＳＳ,ルキルキエクシス
す,08,a,麻婆うどん定食,マーボーウドンテイショク
す,08,b,ダメージ床R,ダメージユカアール
す,09,a,Floriental,フロリエンタル
す,09,b,u5,ユウゴ
す,10,a,こかつ畑,コカツバタケ
す,10,b,なでしこえくすたしー,ナデシコエクスタシー
す,11,a,iva*fes準備会,イヴァフェスジュンビカイ
す,11,b,WildBoar,ワイルドボー
す,12,a,ぱちかん,パチカン
す,12,b,Geosiphon,ゲオシフォン
す,13,a,しぐれえび,シグレエビ
す,13,b,milk pudding,ミルクプリン
す,14,a,cherry*pepper,チェリーペッパー
す,14,b,Torchlily,トーチリリー
す,15,a,極限ＭＡＸＬｖ.99,キョクゲンマックスレベル
す,15,b,寝落ち倶楽部,ネオチクラブ
す,16,a,ひよたん組,ヒヨタングミ
す,16,b,夢人月工房,ユメビトツキコウボウ
す,17,a,Dirty69Star★,ダーティーロックスター
す,17,b,三四五,サンヨンゴ
す,18,a,ぽっぺんはいむ,ポッペンハイム
す,18,b,ブーブーキッド,ブーブーキッド
す,19,a,イカスミの殿堂,イカスミノデンドウ
す,19,b,トマト生足,トマトナマアシ
す,20,a,だらぶち堂,ダラブチドウ
す,21,a,悪性真性物,アクセイシンセイブツ
す,21,b,111当番,ヒャクジュウイチトウバン
す,22,a,はぐるまん,ハグルマン
す,22,b,カドルコア,カドルコア
す,23,a,えびまし,エビマシ
す,23,b,片隅,カタスミ
す,24,a,産業廃棄物G,サンギョウハイキブツジー
す,24,b,うたひめ,ウタヒメ
す,25,a,ＢＡＫＵＪＩＲＩ,バクジリ
す,25,b,マズルカの回廊,マズルカノカイロウ
す,26,a,さくらいろ,サクライロ
す,26,b,リュナイティア,リュナイティア
す,27,a,裏回り寿司,ウラマワリズシ
す,27,b,エキセントリックガール,エキセントリックガール
す,28,a,猫の手工房,ネコノテコウボウ
す,28,b,猫なのにウサギミミ,ネコナノニウサギミミ
す,29,a,ＣＩＲＣＬＥＭＡＹ,サークルメイ
す,29,b,モノクロアジンシュ,モノクロアジンシュ
す,30,a,音筋遊戯,オンキンユウギ
す,30,b,ヘビツナガリ,ヘビツナガリ
す,31,a,Heaven's Isen,ヘブンズアイゼン
す,31,b,黒色彗星帝国,コクショクスイセイテイコク
す,32,a,RIBI堂,リビドウ
す,32,b,Jam・Session,ジャムセッション
す,33,a,Cloud Palette,クラウドパレット
す,33,b,ママにはナイショ,ママニハナイショ
す,34,a,江田島堂,エダジマドウ
す,34,b,egoistic parade,エゴイスティックパレード
す,35,a,栗布団,クリブトン
す,35,b,Moonshine Works,ムーンシャインワークス
す,36,a,bash-inc,バッシュインク
す,36,b,Gぱんだ,ジーパンダ
す,37,a,シャルロット・ココ,シャルロットココ
す,37,b,無題Ｎｏ－ｔｉｔｌｅ,ムダイノータイトル
す,38,a,POWERPLAY,パワープレイ
す,38,b,ふる屋,フルヤ
す,39,a,御姉狂,オネエキョウ
す,39,b,どうする自分,ドウスルジブン
す,40,a,珠秋,タマシュウ
す,40,b,鶯屋,ウグイスヤ
す,41,a,寒天示現流,カンテンジゲンリュウ
す,41,b,大四畳半魂,ダイヨジョウハンダマシイ
す,42,a,カミコ！,カミコ
す,42,b,銀のキャッチャーミット,ギンノキャッチャーミット
す,43,a,いちご牛乳,イチゴギュウニュウ
す,43,b,マイナーシンジケート,マイナーシンジケート
す,44,a,LUNICOLEFIA,リニカレフィア
す,44,b,萌える大田区民,モエルオオタクミン
す,45,a,まるまるアルマジロー,マルマルアルマジロー
す,45,b,備前泥舟工房,ビゼンドロブネコウボウ
す,46,a,新日本ペプシ党,シンニホンペプシトウ
す,46,b,MURDERHOUSE,マーダーハウス
す,47,a,海風貝,カイフウガイ
す,47,b,ゆでのんの,ユデノンノ
す,48,a,ナンタラカンタラ,ナンタラカンタラ
す,48,b,いぬTV,イヌテレビ
す,49,a,鋼工房,ハガネコウボウ
す,49,b,じと目団,ジトメダン
す,50,a,ねぷスタイル,ネプスタイル
す,50,b,はじまりとおわり,ハジマリトオワリ
す,51,a,ここみるく,ココミルク
す,51,b,カルスト日記,カルストニッキ
す,52,a,瞬間最大風速,シュンカンサイダイフウソク
す,52,b,ｏｎ　ｍｙ　ｗａｙ,オンマイウェイ
せ,01,a,G-Power!,ジーパワー
せ,01,b,犬々FIRE!!,イヌイヌファイア
せ,02,a,モノノフノウタゲ,モノノフノウタゲ
せ,02,b,白樺通り,シラカバドオリ
せ,03,a,crossray,クロスレイ
せ,03,b,Desert Healer,デザートヒーラー
せ,04,a,どばきん,ドバキン
せ,04,b,やきいもむそう,ヤキイモムソウ
せ,05,a,Narsissus,ナルシサス
せ,06,a,rontorl,ロントール
せ,06,b,Teaset`s,ティーセッツ
せ,07,a,Singing-DOG,シンギングドッグ
せ,07,b,骨牌倉,カルタグラ
せ,08,a,104MOTORING,テンシモータリング
せ,08,b,Pinpoint Moving,ピンポイントムービンク
せ,09,a,ＳＵＰＥＲピアイタイム！,スーパーピアイタイム
せ,09,b,wakamaker,ワカメーカー
せ,10,a,とりぷるぴんち！,トリプルピンチ
せ,10,b,瓢屋,ヒサゴヤ
せ,11,a,鶏肉生活,トリニクセイカツ
せ,11,b,serata,セラタ
せ,12,a,VASHADOW,バシャドウ
せ,12,b,配慮不足,ハイリョフソク
せ,13,a,がらくた帝國,ガラクタテイコク
せ,13,b,なぎなた企画,ナギナタキカク
せ,14,a,チェシャ猫の館＆触安,チェシャネコノヤカタアンドショクアン
せ,14,b,らーすとちゅか,ラーストチュカ
せ,15,a,羽雪館,ハネユキカン
せ,15,b,ホワイトフロート,ホワイトフロート
せ,16,a,Deep-Grass,ディープグラス
せ,16,b,BTD,ビーティーディー
せ,17,a,からあげはのみもの,カラアゲハノミモノ
せ,17,b,もう寝ろ,モウネロ
せ,18,a,海兵隊,カイヘイタイ
せ,18,b,はらぺこぶんけ,ハラペコブンケ
せ,19,a,サムライ忍者GREENTEA,サムライニンジャグリーンティ
せ,19,b,やちゅ温泉,ヤチュオンセン
せ,20,a,North Leave,ノースリーブ
せ,20,b,絢爛亭,ケンランテイ
せ,21,a,血盟団,ケツメイダン
せ,21,b,低脂肪NEW,テイシボウニュー
せ,22,a,ダイヤモンドダスト,ダイヤモンドダスト
せ,22,b,富士浅間堂,フジセンゲンドウ
せ,23,a,Riorun,リオルン
せ,23,b,苺大福,イチゴダイフク
せ,24,a,Mebiusの環,メビウスノワ
せ,24,b,にじいろこばこ,ニジイロコバコ
せ,25,a,四次元怪電波,ヨジゲンカイデンパ
せ,25,b,からふるぱれっと,カラフルパレット
せ,26,a,こねこぼたん,コネコボタン
せ,26,b,ちとろん工房！！(仮),チトロンコウボウカッコカリ
せ,27,a,推定部員,スイテイブイン
せ,27,b,ものきち養蜂場,モノキチヨウホウジョウ
せ,28,a,ぬるめ,ヌルメ
せ,28,b,AirBlaze,エアーブレイズ
せ,29,a,lol project,ロルプロジェクト
せ,29,b,Quarta dimensione,クアルタディメジオーネ
せ,30,a,焼魚定食,ヤキザカナテイショク
せ,30,b,ボカロ組。,ボカログミ
せ,31,a,ぐるびぃ,グルビィ
せ,31,b,ぺこぽこ,ペコポコ
せ,32,a,No Name?,ノーネーム
せ,32,b,雨宿り荘,アマヤドリソウ
せ,33,a,MELTING　SUGAR,メルティングシュガー
せ,33,b,かっぱ工房,カッパコウボウ
せ,34,a,A.R.M.M.＆笛を吹く男,エーアールエムエムアンドフエヲフクオトコ
せ,34,b,硝子人形,ガラスニンギョウ
せ,35,a,ＢＵＺＺＥＲ,ブザー
せ,35,b,CZ,シーゼット
せ,36,a,向日葵のれん,ヒマワリノレン
せ,36,b,SledgehammerOut!,スレッヂハンマーアウト
せ,37,a,リバ島,リバジマ
せ,37,b,muscat,マスカット
せ,38,a,Woody,ウッディ
せ,38,b,Extended!,エクステンデッド
せ,39,a,シマテイエン,シマテイエン
せ,39,b,FREE WAY,フリーウェイ
せ,40,a,Esquisse,エスキース
せ,40,b,★track,スタートラック
せ,41,a,Midnight Party,ミッドナイトパーティー
せ,41,b,海月の火の玉,クラゲノヒノタマ
せ,42,a,スタジオあるた,スタジオアルタ
せ,42,b,芹沢室,セリザワシツ
せ,43,a,三郷屋小倉組,ミサトヤオグラグミ
せ,43,b,Mistilteinn,ミストルティン
せ,44,a,おーみとろん,オーミトロン
せ,44,b,はるねこ。,ハルネコ
せ,45,a,Ambivalence,アンビバレンス
せ,45,b,七色レンズ,ナナイロレンズ
せ,46,a,お嬢の浴室,オジョウノヨクシツ
せ,46,b,少年チンプ,ショウネンチンプ
せ,47,a,GENOCIDEKISS,ジェノサイドキッス
せ,47,b,やだぽっと,ヤダポット
せ,48,a,Plastic girl,プラスチックガール
せ,48,b,華唄カルタ,ハナウタカルタ
せ,49,a,toratora,トラトラ
せ,49,b,飛翔会,ヒショウカイ
せ,50,a,Panjandrum,パンジャンドラム
せ,50,b,ヤモセブン,ヤモセブン
せ,51,a,灰猫倶楽部,ハイネクラブ
せ,51,b,てぃこてぃこたっく,ティコティコタック
せ,52,a,魔法新撰組,マホウシンセングミ
せ,52,b,へぐり村役場,ヘグリムラヤクバ
そ,01,a,ぶた玉手箱,ブタタマテバコ
そ,01,b,0000,クアドラプルゼロ
そ,02,a,上海蜜蜂,シャンハイミツバチ
そ,02,b,美月亭,ミツキテイ
そ,03,a,Cherry Cherry,チェリーチェリー
そ,03,b,岩門家,イワカドケ
そ,04,a,あま×かに,アマカニ
そ,04,b,PENALTY AREA!!,ペナルティエリア
そ,05,a,ひのきぐらし,ヒノキグラシ
そ,05,b,水倭工房,ミナワコウボウ
そ,06,a,白猫と黒猫,シロネコトクロネコ
そ,06,b,風林火山,フウリンカザン
そ,07,a,カスタムサイズ,カスタムサイズ
そ,07,b,TENJIKUYA(十路区屋),テンジクヤ
そ,08,a,うにに組,ウニニグミ
そ,08,b,Windarteam,ウィントアートチーム
そ,09,a,アーイリアス,アーイリアス
そ,09,b,スタジオきゃうん,スタジオキャウン
そ,10,a,＋５,プラスゴ
そ,10,b,中野ヨンプラザ,ナカノヨンプラザ
そ,11,a,GRAND CROSS,グランドクロス
そ,11,b,macaron　chocolat,マカロンショコラ
そ,12,a,あんにんぷりん,アンニンプリン
そ,12,b,オメガみるく,オメガミルク
そ,13,a,AION,アイオーン
そ,13,b,弐十手屋,ニジッテヤ
そ,14,a,もっちー王国,モッチーオウコク
そ,14,b,紀霊なお姉さん,キレイナオネエサン
そ,15,a,絵にかいた餅,エニカイタモチ
そ,15,b,正経同人,セイケイドウジン
そ,16,a,くるみぱん工房,クルミパンコウボウ
そ,16,b,しゅぱーげる,シュパーゲル
そ,17,a,PRETTY☆MAIDS,プリティメイズ
そ,17,b,うさぎのみみ,ウサギノミミ
そ,18,a,C.BREAK,シーブレイク
そ,18,b,meltnow,メルトナウ
そ,19,a,ひまわり☆シスターズ+PLAYGIRL.,ヒマワリシスターズプラスプレイガール
そ,19,b,Mist Mysterisia,ミストミステリジア
そ,20,a,Image Rider,イメージライダー
そ,20,b,ぺったか,ペッタカ
そ,21,a,謀ったなコワッパーズ,ハカッタナコワッパーズ
そ,21,b,Pure×２,ピュアバイツー
そ,22,a,美彩'd,ビサイド
そ,22,b,POCHI,ポチ
そ,23,a,After Burner,アフターバーナー
そ,23,b,あとりえＲｕｎｅカンパニー,アトリエルーンカンパニー
そ,24,a,ruile,リエル
そ,24,b,OneStar,ワンスター
そ,25,a,PARANOIA CAT,パラノイアキャット
そ,25,b,ランチパッカー,ランチパッカー
そ,26,a,北原工房。,キタハラコウボウ
そ,26,b,沖縄体液軍人会,オキナワタイエキグンジン
そ,27,a,ぶんぼにあん,ブンボニアン
そ,27,b,Tiny Feather,タイニィフェザー
そ,28,a,ものくろぱんだ,モノクロパンダ
そ,28,b,Pion,ピオン
そ,29,a,Unstoppable+,アンストッパブル
そ,29,b,布の家,ヌノノイエ
そ,30,a,鋼鉄力企画,コウテツリョクキカク
そ,30,b,REDCROWN,レッドクラウン
そ,31,a,Heaven'sGate,ヘブンズゲート
そ,31,b,K-Drive,ケイドライブ
そ,32,a,小椋商会,オグラショウカイ
そ,32,b,Candy Club,キャンディクラブ
そ,33,a,Circle A,サークルエー
そ,33,b,サントナナ,サントナナ
そ,34,a,たかねの花園,タカネノハナゾノ
そ,34,b,U-Type,ユータイプ
そ,35,a,Ｕ・Ａ大作戦,ユーエーダイサクセン
そ,35,b,LapisLazuli CORP,ラピスラズリコープ
そ,36,a,そふとぼーい,ソフトボーイ
そ,36,b,ぬこどら,ヌコドラ
そ,37,a,テングコテング,テングコテング
そ,37,b,TOKKO-ATTACK,トッコーアタック
そ,38,a,ホームラン茶屋,ホームランチャヤ
そ,38,b,ロケット調査室,ロケットチョウサシツ
そ,39,a,わんだー☆すたぁ,ワンダースタァ
そ,39,b,アオミドロ,アオミドロ
そ,40,a,曼珠堂,マンジュドウ
そ,40,b,めろんの星々,メロンノホシボシ
そ,41,a,Re:Cre@tors,リクリエイターズ
そ,41,b,いちごぱんつ,イチゴパンツ
そ,42,a,ピコソレノドン,ピコソレノドン
そ,42,b,ROYAL CROWN,ロイヤルクラウン
そ,43,a,かわいそうな子,カワイソウナコ
そ,43,b,AGOI亭,アゴイテイ
そ,44,a,歩く電波塔の会,アルクデンパトウノカイ
そ,44,b,Marked-two,マークドツー
そ,45,a,中曽根バタリアン,ナカソネバタリアン
そ,45,b,ぺぱくら,ペパクラ
そ,46,a,Ｉｃｅｍａｎ！！,アイスマン
そ,46,b,セブンデイズホリディ,セブンデイズホリディ
そ,47,a,みりおんらぶ,ミリオンラブ
そ,47,b,もこ家,モコケ
そ,48,a,デッドアングル,デッドアングル
そ,48,b,焼酎MAC,ショウチュウマック
そ,49,a,RADICAL DASH,ラジカルダッシュ
そ,49,b,流石堂,リュウセキドウ
そ,50,a,じょなさんず,ジョナサンズ
そ,50,b,N.S craft,エヌエスクラフト
そ,51,a,いわまんが本舗,イワマンガホンポ
そ,51,b,Chocolate Pepper.,ショコラテペッパー
そ,52,a,らぼまじ！,ラボマジ
そ,52,b,姫屋,ヒメヤ
た,01,a,深海飛行,シンカイヒコウ
た,01,b,弐速歩行,ニソクホコウ
た,02,a,MILLION☆DROPS,ミリオンドロップス
た,02,b,ぴにゃたぱ～てぃ,ピニャタパーティ
た,03,a,SANDWORKS,サンドワークス
た,03,b,ましゅまろほいっぷ,マシュマロホイップ
た,04,a,さくらとことり,サクラトコトリ
た,04,b,日本元気プロレス,ニッポンゲンキプロレス
た,05,a,すずめや,スズメヤ
た,05,b,兎に角牛,トニカクウシ
た,06,a,ドリヤス工場,ドリヤスコウジョウ
た,06,b,ひらぼや,ヒラボヤ
た,07,a,ぷらぱんだ王国☆,プラパンダオウコク
た,07,b,ななつや,ナナツヤ
た,08,a,ガラス靴屋,ガラスクツヤ
た,08,b,Mixing Channel,ミキシングチャンネル
た,09,a,肉焼き亭,ニクヤキテイ
た,09,b,たけまさ屋,タケマサヤ
た,10,a,少女病棟25時,ショウジョビョウトウニジュウゴジ
た,10,b,Innocent _Vivid,イノセントヴィヴィッド
た,11,a,baroQue,バロック
た,11,b,まけどに屋,マケドニヤ
た,12,a,re:barna,リバーナ
た,12,b,紫。,ムラサキ
た,13,a,おばけけむり,オバケケムリ
た,13,b,ＴＵＧＵＭＩＸ,ツグミックス
た,14,a,責任放棄,セキニンホウキ
た,14,b,てろめあな,テロメアナ
た,15,a,mugicha.,ムギチャ
た,15,b,あまいねいろ,アマイネイロ
た,16,a,AMBIVALENCE,アンビバレンス
た,16,b,furuike,フルイケ
た,17,a,LAMINARIA,ラミナリア
た,17,b,アトリエ丸和,アトリエマルワ
た,18,a,雑踏景色,ザットウケシキ
た,18,b,しもやけ堂,シモヤケドウ
た,19,a,妖滅堂,ヨウメツドウ
た,19,b,クラウドノイズ,クラウドノイズ
た,20,a,モンモー牧場,モンモーボクジョウ
た,20,b,たつまき皇帝,タツマキコウテイ
た,21,a,順風満帆堂,ジュンプウマンパンドウ
た,21,b,生ハッハ,ナマハッハ
た,22,a,木鈴亭,キリンテイ
た,22,b,ねこまた屋,ネコマタヤ
た,23,a,LOVERS++,ラバーズインクリメント
た,23,b,秋桜紅茶,アキザクラコウチャ
た,24,a,SpiciaCrow,スパイシアクロウ
た,24,b,寝ヲチEX,ネヲチイーエックス
た,25,a,メタネコ,メタネコ
た,25,b,VIOLET ORDER,バイオレットオーダー
た,26,a,lunatic joker,ルナティックジョーカー
た,26,b,tomatohouse-905'sRoom,トマトハウスナインゼロファイブスルーム
た,27,a,kuma-puro,クマプロ
た,27,b,THE FLYERS,ザフライヤーズ
た,28,a,すとれいらびっと,ストレイラビット
た,28,b,Quadrifoglio,クアドリフォリオ
た,29,a,DRAGONPHOENIX,ドラゴンフェニックス
た,29,b,スターダストシャワー,スターダストシャワー
た,30,a,ほんトいぬ,ホントイヌ
た,30,b,不安停前,フアンテイマエ
た,31,a,プロダクション剛田家,プロダクションゴウダケ
た,31,b,Cosmic*Candy,コズミックキャンディー
た,32,a,蜂蜜少女,ハチミツショウジョ
た,32,b,@ism,アットイズム
た,33,a,三番屋敷,サンバンヤシキ
た,33,b,悪徳同盟,アクトクドウメイ
た,34,a,Komickers,コミッカーズ
た,34,b,天翔る社,アマカケルヤシロ
た,35,a,keepON,キープオン
た,35,b,(A)C,カッコエエシイ
た,36,a,ミネ農場,ミネノウジョウ
た,36,b,しまじや,シマジヤ
た,37,a,Staccato・Squirrel,スタッカートスクウィーレル
た,37,b,Highway61,ハイウェイシックスティーワン
た,38,a,SILENT　HILL,サイレントヒル
た,38,b,グレートキャニオン,グレートキャニオン
た,39,a,CAT=KATZ,キャットキャット
た,39,b,スイスイワークス,スイスイワークス
た,40,a,キノコの森,キノコノモリ
た,40,b,Drop clotH,ドロップクロス
た,41,a,Happy Aroma,ハッピーアロマ
た,41,b,さにーさいどぱすてる,サニーサイドパステル
た,42,a,秘められた消しゴム,ヒメラレタケシゴム
た,42,b,緑図書館,ミドリトショカン
た,43,a,4F4,フォーエフフォー
た,43,b,一日三錠,イチニチサンジョウ
た,44,a,Tea Break Scriptea,ティーブレイクスクリプテ
た,44,b,echolocation,エコーロケーション
た,45,a,橘花屋,キッカヤ
た,45,b,てえもんく,テエモンク
た,46,a,Cat FooD,キャットフード
た,46,b,あじのひらき,アジノヒラキ
た,47,a,衣屋,コロモヤ
た,47,b,転寝屋敷,ウタタネヤシキ
た,48,a,白液書房,ハクエキショボウ
た,48,b,MARIMO,マリモ
た,49,a,白子粥,シラスガユ
た,49,b,一億万,イチオクマン
た,50,a,一人の大浴場,ヒトリノダイヨクジョウ
た,50,b,count2.4,カウントニーテンヨン
た,51,a,とっとととめきち,トットトトメキチ
た,51,b,このは,コノハ
た,52,a,chilly polka,チリポルカ
た,52,b,ぱんのみみ,パンノミミ
ち,01,a,モラードログ,モラードログ
ち,01,b,がちゃぴんCOQ,ガチャピンコック
ち,02,a,紫陽花パレット,アジサイパレット
ち,02,b,天夏屋,アマナツヤ
ち,03,a,よいしろもの,ヨイシロモノ
ち,03,b,RTE,アールティーイー
ち,04,a,aadmission,アードミション
ち,04,b,緑、それは人の心を癒す,ミドリ、ソレハヒトノココロヲイヤス
ち,05,a,桃咲色,モモサキイロ
ち,05,b,おおた堂,オオタドウ
ち,06,a,Bin1production,ビンワンプロダクション
ち,06,b,アルカモネ,アルカモネ
ち,07,a,スーパーイチゴチャン,スーパーイチゴチャン
ち,07,b,路地裏萬亭,ロジウラヨロズテイ
ち,08,a,アップルレンジ,アップルレンジ
ち,08,b,リズミカ,リズミカ
ち,09,a,すたじおあんみつ亭,スタジオアンミツテイ
ち,09,b,しろうさぎ,シロウサギ
ち,10,a,ふわとろ☆まりんぽりす,フワトロマリンポリス
ち,10,b,ちみチャンガ,チミチャンガ
ち,11,a,Ｘ仮歯,バッテンカリバ
ち,11,b,GoldenGoblins,ゴールデンゴブリンス
ち,12,a,水おいしい,ミズオイシイ
ち,12,b,梶田制作室,カジタセイサクシツ
ち,13,a,Rurirara*,ルリララ
ち,13,b,ひなたぼっこ倶楽部,ヒナタボッコクラブ
ち,14,a,黎明ネルトリンゲン,レイメイネルトリンゲン
ち,14,b,Wind Beast,ウィンドビースト
ち,15,a,C-ruz,シールズ
ち,15,b,ひとりようのポット,ヒトリヨウノポット
ち,16,a,corori,コロリ
ち,16,b,SweetCandle,スィートキャンドル
ち,17,a,カウンタック,カウンタック
ち,17,b,黒甘味,クロカンミ
ち,18,a,こたう,コタウ
ち,18,b,MACV-SOG,マクヴィソグ
ち,19,a,ウルトラシッカチーフ,ウルトラシッカチーフ
ち,19,b,千分率,センブンリツ
ち,20,a,瓶詰少女。,ビンヅメショウジョ
ち,21,a,シャーマン・オバンドー,シャーマンオバンドー
ち,21,b,Scape Alice,スケープアリス
ち,22,a,ななめの,ナナメノ
ち,22,b,わくわくボイコット,ワクワクボイコット
ち,23,a,Ｆａｌｌｅｎ Ｆｌｅｅｔ,フォーレンフリート
ち,23,b,北方樂所,ホッポウガクソ
ち,24,a,REBOOT DRIVE,リブートドライブ
ち,24,b,のざらし,ノザラシ
ち,25,a,まるか家,マルカヤ
ち,25,b,桃京武戯夜,トウキョウブギーナイト
ち,26,a,あかし亭,アカシテイ
ち,26,b,エス書店,エスショテン
ち,27,a,マンガスーパー,マンガスーパー
ち,27,b,ケンソウオガワ,ケンソウオガワ
ち,28,a,SavageLand,サビッジランド
ち,28,b,デミグラ,デミグラ
ち,29,a,ドンと来い！〇〇！,ドントコイマルマル
ち,29,b,メンズ２,メンズツー
ち,30,a,キャットフード,キャットフード
ち,30,b,アマダム,アマダム
ち,31,a,豆蔵,マメクラ
ち,31,b,こんにゃくきのこんご,コンニャクキノコンゴ
ち,32,a,ICE GLITTER,アイスグリッター
ち,32,b,r.i.s factory,アールアイエスファクトリー
ち,33,a,Ｊ．Ｏ．Ｃ★ｅ．ｇｏ！！,ジェイオーシーエゴォ
ち,33,b,半額セレブ,ハンガクセレブ
ち,34,a,ita.,イタ
ち,34,b,Eternal Leaf,エターナルリーフ
ち,35,a,インテリスタ,インテリスタ
ち,35,b,しりぬぐゐ,シリヌグイ
ち,36,a,呑み屋ケロリ,ノミヤケロリ
ち,37,a,胸元更衣室,ムナモトコウイシツ
ち,37,b,なると研究社,ナルトケンキュウシャ
ち,38,a,懐音,カイオン
ち,38,b,ひまつぶしくらぶ,ヒマツブシクラブ
ち,39,a,きしだ式アートワークス,キシダシキアートワークス
ち,39,b,彩～IRODORI～,イロドリ
ち,40,a,猫娘亭,ニャンコテイ
ち,40,b,在庫整理,ザイコセイリ
ち,41,a,黒子の里,クロコノサト
ち,41,b,マロン工房,マロンコウボウ
ち,42,a,TheWorldFlat,ザワールドフラット
ち,42,b,腹痛定食,フクツウテイショク
ち,43,a,毒虫処刑隊,ドクムシショケイタイ
ち,43,b,Scottish A Labit,スコティッシュアラビット
ち,44,a,BLUE BLOOD'S,ブルーブラッズ
ち,44,b,Clover Park,クローバーパーク
ち,45,a,ソメとげメラグ,ソメトゲメラグ
ち,45,b,シャリテクロワール,シャリテクロワール
ち,46,a,ヘルベチカ,ヘルベチカ
ち,46,b,銀玉鉄砲,ギンダマデッポウ
ち,47,a,トキノカケラ,トキノカケラ
ち,47,b,隠れ家,カクレガ
ち,48,a,えすてぃーしー,エスティーシー
ち,48,b,FHTC,エフエイチティシー
ち,49,a,評論奴,ヒョウロンヤツ
ち,49,b,Ｔ’ｓカンパニー,ティーズカンパニー
ち,50,a,ユメミガチ,ユメミガチ
ち,50,b,宝石錬金創造部,ホウセキレンキンソウゾウフ
ち,51,a,マジカル企画室,マジカルキカクシツ
ち,51,b,UniverseMate,ユニバースメイト
ち,52,a,Lighting Heart,ライティングハート
ち,52,b,Cool Palace,クールパレス
つ,01,a,DEVGRU,デブグル
つ,01,b,640km/h over,ジソクロッピャクヨンジ
つ,02,a,volatile,ボラタイル
つ,02,b,Aims,エイムス
つ,03,a,ポケットハウス,ポケットハウス
つ,03,b,月橋,ツキバシ
つ,04,a,ぱすてるももんにゃ,パステルモモンニャ
つ,04,b,Studio JUCKPOT,スタジオジャックポット
つ,05,a,∞Material,インフィニティマテリアル
つ,05,b,Jの近く,ジェイノチカク
つ,06,a,Qcumber,キューカンバー
つ,06,b,トランジスタベイビィ,トランジスタベイビィ
つ,07,a,Liche,リシェ
つ,07,b,コハルびより,コハルビヨリ
つ,08,a,クマネコ科,クマネコカ
つ,08,b,UZR,ユーゼットアール
つ,09,a,Clover Smile,クローバースマイル
つ,09,b,Dans Sa Chambre,ダンスサシャンブル
つ,10,a,Neko*Pon,ネコポン
つ,10,b,紙風船,カミフウセン
つ,11,a,Sacred　Stratos,セイクリッドストラトス
つ,11,b,緑のリボン／ＳＳＳ,ミドリノリボンスリーエス
つ,12,a,Standing Points,スタンディングポインツ
つ,12,b,ヤクタタズ工房,ヤクタタズコウボウ
つ,13,a,こねこねこはうス,コネコネコハウス
つ,13,b,Tears39,ティアーズサンク
つ,14,a,サンキスト・オレンジ,サンキストオレンジ
つ,14,b,歪園,ヒズミエン
つ,15,a,アクマの味方,アクマノミカタ
つ,15,b,Rabbit　Express,ラビットエクスプレス
つ,16,a,ＬＰ倶楽部,エルピークラブ
つ,16,b,やすりん堂,ヤスリンドウ
つ,17,a,静香の海,シズカノウミ
つ,17,b,盛屋,モリヤ
つ,18,a,ツインテール観測所,ツインテールカンソクジョ
つ,18,b,loworbit,ロヲビット
つ,19,a,KOYOMI HOUSE,コヨミハウス
つ,19,b,わくわく漁業協会,ワクワクギョギョウキョウカイ
つ,20,a,赤坂小町,アカサカコマチ
つ,20,b,スキャッタ・ブロウ,スキャッタブロウ
つ,21,a,黒猫亭,クロネコテイ
つ,21,b,triptych,トリプティック
つ,22,a,がしゃどくろ,ガシャドクロ
つ,22,b,Aozora,アオゾラ
つ,23,a,Starlight Arrows,スターライトアローズ
つ,23,b,Blue Garden,ブルーガーデン
つ,24,a,DEXTEROUS,デクスタロス
つ,24,b,きーろわいやる,キーロワイヤル
つ,25,a,ゲルマニア,ゲルマニア
つ,25,b,征露丸,セイロガン
つ,26,a,あるけ～ど,アルケード
つ,26,b,TKSpower,ティーケーエスパワー
つ,27,a,Gods・Eye,ゴッズアイ
つ,27,b,ふれぇねるれんず,フレエネルレンズ
つ,28,a,長岡通信社,ナガオカツウシンシャ
つ,28,b,木下工務店,キノシタコウムテン
つ,29,a,Four Seasons,フォーシーズンズ
つ,29,b,Maple Leaf,メイプルリーフ
つ,30,a,糟日部☆ぱんつハンター,カスカベパンツハンター
つ,30,b,No-Reason,ノーリーズン
つ,31,a,夢走屋,ドリームランナーズ
つ,31,b,オレンジネイビース,オレンジネイビース
つ,32,a,日野橋制服館,ヒノバシセイフクカン
つ,32,b,横浜紅茶館,ヨコハマコウチャカン
つ,33,a,はちころ村,ハチコロムラ
つ,33,b,MAGIC MACHINERY,マジックマシネリィ
つ,34,a,紅隷,クレイ
つ,34,b,曇りのち晴れ,クモリノチハレ
つ,35,a,蒼水,アオミズ
つ,35,b,まだまだいくよ,マダマダイクヨ
つ,36,a,午後５時のメロディ,ゴゴゴジノメロディ
つ,36,b,ぱらぼりか,パラボリカ
つ,37,a,うぐいす,ウグイス
つ,37,b,かりん党!,カリントウ
つ,38,a,pale　moon,ペイルムーン
つ,38,b,七夜月,ナナヨヅキ
つ,39,a,ヴェロニカの歯,ヴェロニカノハ
つ,39,b,ほたほた堂,ホタホタドウ
つ,40,a,TRAP,トラップ
つ,40,b,kurousagi,クロウサギ
つ,41,a,オレムハＸ,オレムハエックス
つ,41,b,O島,オーシマ
つ,42,a,クロスデスティニー,クロスデスティニー
つ,43,a,Difference　Engine,ディファレンスエンジン
つ,43,b,シューガーポット,シューガーポット
つ,44,a,あめふと部,アメフトブ
つ,44,b,NeXTRA,ネクストラ
つ,45,a,TDU2OB,ティーディーユーツーオービー
つ,45,b,デンパ教皇,デンパキョウコウ
つ,46,a,アルカロイド,アルカロイド
つ,46,b,Fire Witch,ファイアーウィッチ
つ,47,a,熊猫進化論,クマネコシンカロン
つ,47,b,ASTRONOMY,アストロノミイ
つ,48,a,LemonMaiden,レモンメイデン
つ,48,b,てぃん☆くる　ぽっぷ,ティンクルポップ
つ,49,a,スウィンドラー！,スウィンドラー
つ,49,b,我チ○コ書房,ガチンコショボウ
つ,50,a,BLACK TAIL ANGELs,ブラックテイルエンジェルス
つ,50,b,Hi-Boost,ハイブースト
つ,51,a,HACCA-CHOCO,ハッカチョコ
つ,51,b,たけさとりすぱ,タケサトリスパ
つ,52,a,Dark battery,ダークバッテリー
つ,52,b,ジョウ・レン騎士団,ジョウレンキシダン
て,01,a,ままごと屋,ママゴトヤ
て,01,b,云元書庫,イゲンショコ
て,02,a,のどまる日和,ノドマルビヨリ
て,02,b,落書遊園,ラクガキユウエン
て,03,a,FROSTED MOON,フロステッドムーン
て,03,b,KANEHIKIRI,カネヒキリ
て,04,a,いざKAMA倉,イザカマクラ
て,04,b,unerfahren,ウンエアファーレン
て,05,a,OINL,オインル
て,05,b,POWERED193,パワードイクサー
て,06,a,ヒゲナシ,ヒゲナシ
て,06,b,天竜,テンリュウ
て,07,a,真夏の夜の夢,マナツノヨノユメ
て,07,b,螺旋巣,ラセンソウ
て,08,a,餅助,モチスケ
て,08,b,modern legends,モダンレジェンズ
て,09,a,WhiteRay,ホワイトレイ
て,09,b,LOVSWORD ラソード,ラソード
て,10,a,九十九萬年堂,ツクモマンネンドウ
て,10,b,Run/Walk,ランウォーク
て,11,a,Little Wind,リトルウィンド
て,11,b,ゴルゴダ村,ゴルゴダムラ
て,12,a,湘南しめじ,ショウナンシメジ
て,12,b,mixGRADATiON,ミックスグラデーション
て,13,a,偽りの白旗,イツワリノシロハタ
て,13,b,和田マウンテン,ワダマウンテン
て,14,a,塵芥,チリアクタ
て,14,b,うぉーたーどろっぷ,ウォータードロップ
て,15,a,moon sally,ムーンサリー
て,15,b,Tungsten,タングステン
て,16,a,鈴鳴堂,スズナリドウ
て,16,b,ほんにゃら亭,ホンニャラテイ
て,17,a,BlueBair,ブルーベア
て,18,a,HR ko-bo-,エイチアールコーボー
て,18,b,シャイニング炒飯,シャイニングチャーハン
て,19,a,スパパン,スパパン
て,19,b,蒲公英屋,タンポポヤ
て,20,a,Cute,キュート
て,20,b,寝床にまっしぐら！,ネドコニマッシグラ
て,21,a,TAMUSIC,タムシック
て,21,b,弦奏楽団,ゲンソウガクダン
て,22,a,文々。新聞,ブンブンマルシンブン
て,22,b,幻想郷サミット実行委員会,ゲンソウキョウサミットジッコウイインカイ
て,23,a,博麗神社社務所,ハクレイジンジャシャムショ
て,23,b,Phantasmsnow,ファンタズムスノー
て,24,a,春風堂,シュンプウドウ
て,24,b,kiaglass,キアグラス
て,25,a,東方くじ,トウホウクジ
て,25,b,東方ふくびき屋さん,トウホウフクビキヤサン
て,26,a,鈍色,ニビイロ
て,26,b,萌黄色,モエギイロ
て,27,a,Scarlet Agents,スカーレットエージェンツ
て,27,b,サンパンスリーブ,サンパンスリーブ
て,28,a,酢.M.A.P,スマッパ
て,28,b,新聞服着た暗黒大魔王マドラー,シンブンフクキタアンコクダイマオウマドラー
て,29,a,サークル青,サークルアオ
て,29,b,チャマダヒュッテ,チャマダヒュッテ
て,30,a,月猫看プロジェクト,ツキネコカンプロジェクト
て,30,b,いわし雲,イワシグモ
て,31,a,はなしお＋E-PRO,ハナシオプラスイープロ
て,31,b,電脳冬蜜柑,デンノウフユミカン
て,32,a,SOMEDAY♥S,サムデイズ
て,32,b,名古屋妄想科学研究所,ナゴヤモウソウカガクケンキュウショ
て,33,a,コステム,コステム
て,33,b,studio.TDR,スタジオティーディーアール
て,34,a,不気味社,ブキミシャ
て,34,b,FeeL,フィール
て,35,a,NOVEMBER MOON,ノヴェンバームーン
て,35,b,Mellowflower,メロウフラワー
て,36,a,MOЯANGIE RECORDS,モーレンジレコーズ
て,36,b,Maple Works,メープルワークス
て,37,a,Sweet Lovin',スウィートラビン
て,37,b,Sage,サージュ
て,38,a,おしゃれ,オシャレ
て,38,b,モチのおとしご,モチノオトシゴ
て,39,a,studioハイライト,スタジオハイライト
て,39,b,スタジオ量子力学,スタジオリョウシリキガク
て,40,a,はいぺりよん,ハイペリヨン
て,40,b,萌エリア８８,モエリアハチハチ
て,41,a,フルーツJAM,フルーツジャム
て,41,b,茶葉☆姫D,チャバヒメディー
て,42,a,エッグラック,エッグラック
て,42,b,黒色槍騎兵,コクショクソウキヘイ
て,43,a,ラスターカプセル,ラスターカプセル
て,43,b,欲望の塔,ヨクボウノトウ
て,44,a,Blue Devil,ブルーデビル
て,44,b,SchwarzL■we,シュヴァルツレーヴェ
て,45,a,Beggar&Whore,ベガーアンドフワー
て,45,b,玉よ砕けろ,タマヨクダケロ
て,46,a,白と白との境界線,シロトシロトノキョウカイセン
て,47,a,kirakira,キラキラ
て,47,b,みたにゃんこ倶楽部,ミタニャンコクラブ
て,48,a,xinoro,ジノロ
て,48,b,電動伝奇堂,デンドウデンキドウ
て,49,a,LEVEL PLUS,レベルプラス
て,49,b,utopia code,ユートピアコード
て,50,a,アトリエくりまみ,アトリエクリマミ
て,50,b,かぷりこーん,カプリコーン
て,51,a,FullPowerSideAttack.com,フルパワーサイドアタックドットコム
て,51,b,Bottoms rily Frank,ボトムズリリィフランク
て,52,a,MagicTracerProject,マジックトレーサープロジェクト
て,52,b,めろめろんブックス,メロメロンブックス
と,01,a,プロ厨房,プロチュウボウ
と,01,b,ＴｕｃｋＣｒｏｓｓ,タッククロス
と,02,a,linepouch,ラインポーチ
と,02,b,comict,コミクト
と,03,a,コスプレぱんぱん,コスプレパンパン
と,03,b,ひよひよくらぶ,ヒヨヒヨクラブ
と,04,a,Ｃ’ｓ～シーズ～,シーズ
と,04,b,ACS,エーシーエス
と,05,a,くちづけこうちゃ,クチヅケコウチャ
と,05,b,猟奇納骨堂,リョウキノウコツドウ
と,06,a,ぐりもあ,グリモア
と,06,b,カリカリ定食,カリカリテイショク
と,07,a,歴史探索会,レキシタンサクカイ
と,07,b,紫水晶,ムラサキスイショウ
と,08,a,First Strike,ファーストストライク
と,08,b,地底王国,チテイオウコク
と,09,a,おすすめコーナー,オススメコーナー
と,09,b,あぶらあげ,アブラアゲ
と,10,a,全日本軽トラック協会,ゼンニホンケイトラックキョウカイ
と,10,b,ポジティブライフ,ポジティブライフ
と,11,a,梅田給食,ウメダキュウショク
と,11,b,トレクマ,トレクマ
と,12,a,BlackMonday,ブラックマンデー　
と,12,b,アヒルコウゲイ,アヒルコウゲイ
と,13,a,keeps,キープス
と,13,b,目黒亭,メグロテイ
と,14,a,チャレンジどう,チャレンジドウ
と,14,b,T.FAMILY,ティーファミリー
と,15,a,ギャンブルバカ一代,ギャンブルバカイチダイ
と,15,b,パチ野郎,パチヤロウ
と,16,a,ハチスタ,ハチスタ
と,16,b,Bibliotheque ,ビブリオテーク
と,17,a,古今格闘技連盟,ココンカクトウギレンメイ
と,17,b,まみよい,マミヨイ
と,18,a,図書館の怪,トショカンノカイ
と,18,b,TNワークス,ティーエヌワークス
と,19,a,駐車場,チュウシャジョウ
と,19,b,Trick Trap,トリックトラップ
と,20,a,さかれん,サカレン
と,20,b,いずかん,イズカン
と,21,a,ひのまる呉服店,ヒノマルゴフクテン
と,21,b,ぴ～す研,ピースケン
と,22,a,POST OFFICE,ポストオフィス
と,22,b,曇九,クモキュウ
と,23,a,明日への飛翔,アスヘノヒショウ
と,23,b,海洋映画研究部,カイヨウエイガケンキュウブ
と,24,a,HOLLY＊HOCK,ホーリーホック
と,24,b,肉雑炊,ニクゾウスイ
と,25,a,フユイロ,フユイロ
と,25,b,假面特攻隊,カメントッコウタイ
と,26,a,夢幻マウンテン,ムゲンマウンテン
と,26,b,繭,マユ
と,27,a,WORLDTOWER FOREVER,ワールドタワーフォーエバー
と,27,b,ベリーズらんど,ベリーズランド
と,28,a,インフィールドフライ,インフィールドフライ
と,28,b,KULO,クロ
と,29,a,鎧屋,ガイヤ
と,29,b,乙姫の花笠,オトヒメノハナガサ
と,30,a,Ｃｒｅｓｃｅｎｔ　Ｗｏｌｆ,クレッセントウルフ
と,30,b,製靴塾　クラフト部,セイカジュククラフトブ
と,31,a,なんかでた！,ナンカデタ
と,31,b,僕と五反田と不発弾,ボクトゴタンダトフハツダン
と,32,a,第三開拓領域,ダイサンカイタクリョウイキ
と,32,b,げんれい工作室,ゲンレイコウサクシツ
と,33,a,ailurofilia,アイルロフィリア
と,33,b,春夏秋冬,ハルナツアキフユ
と,34,a,仮想ファクトリー,カソウファクトリー
と,34,b,正悟亭,ショウゴテイ
と,35,a,ペーパーカンパニー,ペーパーカンパニー
と,35,b,ITS,アイティエス
と,36,a,イカスミ・タンティーヌ,イカスミタンティーヌ
と,36,b,3dreams,スリードリームズ
と,37,a,世界萌え調査委員会,セカイモエチョウサイインカイ
と,37,b,私立白百合学園,シリツシラユリガクエン
と,38,a,巷の見聞,チマタノケンブン
と,38,b,転倍屋,テンバイヤ
と,39,a,法研日本,ホウケンニッポン
と,39,b,同人イベントラボ,ドウジンイベントラボ
と,40,a,クリエイション事務局,クリエイションジムキョク
と,40,b,AFEE,エーフィー
と,41,a,でいひま,デイヒマ
と,41,b,大章堂,ダイショウドウ
と,42,a,クリームゾーン,クリームゾーン
と,42,b,同人研究会,ドウジンケンキュウカイ
と,43,a,グラウンドゼロ,グラウンドゼロ
と,43,b,まさに外宮！,マサニゲグウ
と,44,a,内務省,ナイムショウ
と,44,b,イズモン,イズモン
と,45,a,霧雲亭,キリグモテイ
と,45,b,シャント形成術,シャントケイセイジュツ
と,46,a,晴海管区測候所,ハルミカンクソッコウジョ
と,46,b,阪系,ハンケイ
と,47,a,ヴァンとヘルス,ヴァントヘルス
と,47,b,水銀合金,スイギンゴウキン
と,48,a,強い気持ち。,ツヨイキモチ
と,48,b,白い追憶,シロイツイオク
と,49,a,I.A.O.,アイエーオウ
と,49,b,あるば・わーくす,アルバワークス
と,50,a,東相模原研,ヒガシサガミハラケン
と,50,b,GaKu,ガク
と,51,a,Carbon Black,カーボンブラック
と,51,b,ラーメン大好き紀行,ラーメンダイスキキコウ
と,52,a,京都RAMEN研究会,キョウトラーメンケンキュウカイ
と,52,b,名古屋麺,ナゴヤメン
な,01,a,べじたぶるぼーど,ベジタブルボード
な,01,b,小郷の仲間たち,オゴウノナカマタチ
な,02,a,版元ひとり,ハンモトヒトリ
な,02,b,年年是好年,ネンネンココウネン
な,03,a,チャイルドアイ,チャイルドアイ
な,03,b,レンズ エラー！,レンズエラー
な,04,a,まつたけマニア,マツタケマニア
な,04,b,まんぷく旅行記,マンプクリョコウキ
な,05,a,犬一探索隊,イヌイチタンサクタイ
な,05,b,パインノキ,パインノキ
な,06,a,黒蝙蝠,クロコウモリ
な,06,b,もーぶる,モーブル
な,07,a,こまうさ,コマウサ
な,07,b,little-wings,リトルウイングス
な,08,a,BLINDNESS,ブラインドネス
な,09,a,ヨカヨカ,ヨカヨカ
な,09,b,何時でも昼飯,イツデモヒルメシ
な,10,a,おふとんぱらだいす。,オフトンパラダイス
な,10,b,EXILE,エグザイル
な,11,a,Fly by Wire,フライバイワイアー
な,11,b,非常階段,ヒジョウカイダン
な,12,a,すいーと・みるく,スイートミルク
な,12,b,白い原稿,シロイゲンコウ
な,13,a,HI-TECH CARROT,ハイテクキャロット
な,13,b,Studio A',スタジオエーダッシュ
な,14,a,城址倶楽部,ジョウシクラブ
な,14,b,春夏冬堂,アキナイドウ
な,15,a,武州暇人会,ブシュウヒマジンカイ
な,15,b,お藤坊,オフジボウ
な,16,a,お畳奉行,オタタミブギョウ
な,16,b,狩猟民族,シュリョウミンゾク
な,17,a,Seraphim,セラフィン
な,17,b,なかざと☆わーくす,ナカザトワークス
な,18,a,AXELEVIN,アクセレビン
な,18,b,Rabbit Parade,ラビットパレード
な,19,a,ナイアーラトテップ,ナイアーラトテップ
な,19,b,帝都工学,テイトコウガク
な,20,a,がんばれ只見線,ガンバレタダミセン
な,20,b,愚行通信社,グコウツウシンシャ
な,21,a,貰い事故,モライジコ
な,21,b,STATION,ステーション
な,22,a,木村外科病院,キムラゲカビョウイン
な,22,b,Atelier Clutch,アトリエクラッチ
な,23,a,アモイ,アモイ
な,23,b,Project JRS,プロジェクトジェーアールエス
な,24,a,トワイライト,トワイライト
な,24,b,気ままにトラベラー,キママニトラベラー
な,25,a,MILK TRAIN,ミルクトレイン
な,25,b,トップスピード,トップスピード
な,26,a,武蔵野運輸区,ムサシノウンユク
な,26,b,夢見ル土竜,ユメミルモグラ
な,27,a,渚沙野電車区,ナギサノデンシャク
な,27,b,てんおと,テンオト
な,28,a,特甲野郎Gチーム,トッコウヤロウジーチーム
な,28,b,校庭,コウテイ
な,29,a,シブテックジャパン,シブテックジャパン
な,29,b,Factory33,ファクトリースリースリー
な,30,a,Y-111,ワイイチイチイチ
な,30,b,走り屋総本舗,ハシリヤソウホンポ
な,31,a,N.G.S,エヌジーエス
な,31,b,スタジオＤ－ＢＯＸ,スタジオディーボックス
な,32,a,LegXF,レギオンエックスエフ
な,32,b,LiveLiqueur,ライヴリキュール
な,33,a,九次元,クジゲン
な,33,b,こまったことになったなぁ,コマッタコトニナッタナァ
な,34,a,全日本絵画,ゼンニホンカイガ
な,34,b,流星改,リュウセイカイ
な,35,a,宇宙世紀ライブラリー共同出版,ウチュウセイキライブラリーキョウドウシュッパン
な,35,b,B-CENTURY,ビーセンチュリー
な,36,a,Production　α,プロダクションアルファ
な,36,b,Weather Factory 重機部,ウェザーファクトリージュウキブ
な,37,a,あぶれ企画,アブレキカク
な,37,b,ウイングミュージアム,ウイングミュージアム
な,38,a,日々停滞,ヒビテイタイ
な,38,b,Ｆ－Ｌｅｘ．,エフレックス
な,39,a,ミリタリーナレッジレポーツ,ミリタリーナレッジレポーツ
な,39,b,自宅警備隊宅外派遣本部,ジタクケイビタイタクガイハケンホンブ
な,40,a,帝都軍事宴会実行委員会,テイトグンジエンカイジッコウイインカイ
な,40,b,出版評論社,シュッパンヒョウロンシャ
な,41,a,SYSTEM８６,システムハチロク
な,41,b,CDS,シーディーエス
な,42,a,アンタバライ！,アンタバライ
な,42,b,あさひ,アサヒ
な,43,a,バンカーバスター,バンカーバスター
な,43,b,フォートレス,フォートレス
な,44,a,玲瓏八面起清風,レイロウハチメンセイフウヲオ
な,44,b,越谷航空機製作所,コシガヤコウクウキセイサクジョ
な,45,a,アーキテクト,アーキテクト
な,45,b,液体ハイボール,エキタイハイボール
な,46,a,松田　重工,マツダジュウコウ
な,46,b,雅工房,ミヤビコウボウ
な,47,a,高美社,タカビシャ
な,47,b,光圧結界,コウアツケッカイ
な,48,a,艦娘帝都電鉄,カンムスメテイトデンテツ
な,48,b,トラベラーズカフェ,トラベラーズカフェ
な,49,a,Moonlight Cat,ムーンライトキャット
な,49,b,強制労働省,キョウセイロウドウショウ
な,50,a,ほえほえがーでん,ホエホエガーデン
な,50,b,裏まくら,ウラマクラ
な,51,a,つくも＋１,ツクモプラスワン
な,51,b,コマイズム,コマイズム
な,52,a,ばななヴぁー,バナナヴァー
な,52,b,なぐもカレー部,ナグモカレーブ
に,01,a,るしえ堂,ルシエドウ
に,01,b,梵人,ボンジン
に,02,a,キングリボルバー,キングリボルバー
に,02,b,SOLID AIR,ソリッドエアー
に,03,a,無敵屋,ムテキヤ
に,03,b,たんぽぽ水産,タンポポスイサン
に,04,a,やまぐちぷりんと,ヤマグチプリント
に,04,b,十次元,ジュウジゲン
に,05,a,人生堕落研究所,ジンセイダラクケンキュウジョ
に,05,b,Angel Bless,エンジェルブレス
に,06,a,sprout,スプラウト
に,06,b,スーパースター,スーパースター
に,07,a,チセノマチ,チセノマチ
に,07,b,かえでの丘,カエデノオカ
に,08,a,ぶるぅ・つりぃ,ブルゥツリィ
に,08,b,よつみわーくす,ヨツミワークス
に,09,a,ツン研,ツンケン
に,09,b,われものチューイ,ワレモノチューイ
に,10,a,PlumySnow,プルーミースノー
に,10,b,deepsilky,ディープシルキー
に,11,a,MINT BLUE,ミントブルー
に,11,b,ScreamingDOG,スクリーミングドッグ
に,12,a,アーシアン＆電波ゆんゆん,アーシアンアンドデンパユンユン
に,12,b,雨倉,アメクラ
に,13,a,米一つぼ,コメヒトツボ
に,13,b,○急電鉄,マルキュウデンテツ
に,14,a,PockyFactory,ポッキーファクトリー
に,14,b,桜眠都,サクラミント
に,15,a,かみしき,カミシキ
に,15,b,ジンギスカンの玉葱は俺の嫁,ジンギスカンノタマネギ
に,16,a,クラカチット＆池ぽちゃ,クラカチットトイケポチャ
に,16,b,たまごはん,タマゴハン
に,17,a,オペレーション・ボックス,オペレーションボックス
に,17,b,Over S,オーバーエス
に,18,a,ばっすん工房,バッスンコウボウ
に,18,b,センチメンタル　コール,センチメンタルコール
に,19,a,イカめし食堂,イカメシショクドウ
に,19,b,蒼水晶,アオスイショウ
に,20,a,HAMMER_HEAD,ハンマーヘッド
に,20,b,2nd Life,セカンドライフ
に,21,a,SAKUMARO,サクマロ
に,21,b,99.999999999,イレブンナイン
に,22,a,自宅vacation,ジタクバケーション
に,22,b,SHIS,エスエイチアイエス
に,23,a,帝國交響楽団,テイコクコウキョウガクダン
に,23,b,萌速,モエソク
に,24,a,規格外企画,キカクガイキカク
に,24,b,ズイカク,ズイカク
に,25,a,どんきんだぁなっつ,ドンキンダァナッツ
に,25,b,きらりんくる,キラリンクル
に,26,a,INFINITYDRIVE,インフィニティドライブ
に,26,b,柚子桃ジャム,ユズモモジャム
に,27,a,海苔特盛,ノリトクモリ
に,27,b,夏季のタネ,カキノタネ
に,28,a,にゃんころもちもち,ニャンコロモチモチ
に,28,b,せいごう,セイゴウ
に,29,a,Pocket☆St@ge,ポケットステージ
に,29,b,Σ-PLAN,シグマプラン
に,30,a,HardPuncherManiax,ハードパンチャーマニアックス
に,30,b,電脳山咲組,デンノウヤマサキクミ
に,31,a,青ノ音,アオノオト
に,31,b,PHYSALIS,サイサリス
に,32,a,POETTO,ポエット
に,32,b,Part K,パートケィ
に,33,a,くりーむぶーれ,クリームブーレ
に,33,b,Inst,インスト
に,34,a,Awareness,アウェアネス
に,34,b,お巫山戯テイル,オフザケテイル
に,35,a,happy vogel,ハッピーフォーゲル
に,35,b,みみっくりーち,ミミックリーチ
に,36,a,ローゼンクロイツ,ローゼンクロイツ
に,36,b,M.T.P.S.,エムティーピーエス
に,37,a,TappedCone,タップドコーン
に,37,b,pragma,プラグマ
に,38,a,董卓艶画堂,トウタクツヤガドウ
に,38,b,てんらけ茶屋,テンラケチャヤ
に,39,a,ばななサル園,バナナサルエン
に,39,b,謎の会,ナゾノカイ
に,40,a,EAR-POP,イアーポップ
に,40,b,魚ウサ王国,ウオウサオウコク
に,41,a,ヤング軒,ヤングケン
に,41,b,イガイガ,イガイガ
に,42,a,霧隠探偵事務所,キリガクレタンテイジムショ
に,42,b,星クズ通り商店街,ホシクズドオリショウテンガイ
に,43,a,S.C.C. Studio,エスシーシースタジオ
に,43,b,PRODUCTION STUDIO,プロダクションスタジオ
に,44,a,さち,サチ
に,44,b,Rabbit Angel,ラビットエンジェル
に,45,a,みすてるていん,ミステルテイン
に,45,b,Milk+,ミルクプラス
に,46,a,学食亭,ガクショクテイ
に,46,b,I'LL調,アイリュチョウ
に,47,a,ひなプリン,ヒナプリン
に,47,b,TACO,タコ
に,48,a,えにし縁,エニシ
に,48,b,ねこかたろぐ,ネコカタログ
に,49,a,distance short,デスタンスショート
に,49,b,えれでー,エレデー
に,50,a,まさにぞ～ん,マサニゾーン
に,50,b,Ｐ企画,ピーキカク
に,51,a,マジックフォーチュン　八王子店,マジックフォーチュンハチオ
に,51,b,SHIOHAMA WORKSHOP,シオハマワークショップ
に,52,a,仙弾&Beastics,センダンアンドビースティクス
に,52,b,MASULAO MAXIMUM,マスラオマキシマム
ぬ,01,a,りべるて,リベルテ
ぬ,01,b,黒いキョーダイン,クロイキョーダイン
ぬ,02,a,紅鮭ソーラン,ベニジャケソーラン
ぬ,02,b,へりかるドロップ,ヘリカルドロップ
ぬ,03,a,イタイ堂,イタイドウ
ぬ,03,b,山百合文庫,ヤマユリブンコ
ぬ,04,a,蒟蒻言語,コンニャクゲンゴ
ぬ,04,b,窓際の席。,マドギワノセキ
ぬ,05,a,まかろにさらだ,マカロニサラダ
ぬ,05,b,ゆびさきりぼん,ユビサキリボン
ぬ,06,a,H.H.R,エイチエイチアール
ぬ,06,b,Sorairo×愛偽少女,ソライロアイギショウジョ
ぬ,07,a,ジャンクアーカイブズ,ジャンクアーカイブズ
ぬ,07,b,TSETSEG,ツェツェグ
ぬ,08,a,CHRYSOBERYL,クリソベリル
ぬ,08,b,月光亭,ゲッコウテイ
ぬ,09,a,Split Second,スプリットセカンド
ぬ,09,b,いーりす機関 ,イーリスキカン
ぬ,10,a,あるもぐ,アルモグ
ぬ,10,b,Sweet Strawberry Chips,スイートストロベリーチップス
ぬ,11,a,nueya,ヌエヤ
ぬ,11,b,あくせられーしょん,アクセラレーション
ぬ,12,a,菓子金粉,カシキンコ
ぬ,12,b,赤眼堂,アカメドウ
ぬ,13,a,盛岡社中,モリオカシャチュウ
ぬ,13,b,夏色少女,ナツイロショウジョ
ぬ,14,a,新刊堕ちました,シンカンオチマシタ
ぬ,14,b,ぷっぷくぷー,プップクプー
ぬ,15,a,梅の実画報,ウメノミガホウ
ぬ,15,b,Apology19,アポロジーナインティーン
ぬ,16,a,さいくるりばーす,サイクルリバース
ぬ,16,b,毛糸屋,ケイトヤ
ぬ,17,a,初芝電産,ハツシバデンサン
ぬ,17,b,かたまり屋,カタマリヤ
ぬ,18,a,小僧んとこ,コゾウントコ
ぬ,18,b,だむlabo,ダムラボ
ぬ,19,a,Rosapersica,ロサペルシカ
ぬ,19,b,HONEY SYRUP,ハニーシロップ
ぬ,20,a,ヘ蝶々,ヘチョウチョウ
ぬ,20,b,また明日。,マタアシタ
ぬ,21,a,深爪貴族,フカヅメキゾク
ぬ,21,b,ホッパーオーバーフロー,ホッパーオーバーフロー
ぬ,22,a,NON COOL,ナンクル
ぬ,22,b,ヤッホー！天国,ヤッホーテンゴク
ぬ,23,a,きゃらめるCafe,キャラメルカフェ
ぬ,23,b,今日もスパゲ,キョウモスパゲ
ぬ,24,a,すぽっちぃ,スポッチィ
ぬ,24,b,小幌忍団,コボロニンダン
ぬ,25,a,ヘタレアーツ,ヘタレアーツ
ぬ,25,b,パリンと割れる,パリントワレル
ぬ,26,a,nature.,ナチュレ
ぬ,26,b,おいしいお肉。,オイシイオニク
ぬ,27,a,Lucky Chance!,ラッキーチャンス
ぬ,27,b,barista,バリスタ
ぬ,28,a,夢染理,ユメセンリ
ぬ,28,b,すたぢおＱ,スタヂオキュー
ぬ,29,a,サルコメ,サルコメ
ぬ,29,b,B.T.R,ビィーティーアール
ぬ,30,a,禁煙ジャンパー,キンエンジャンパー
ぬ,30,b,一般参加,イッパンサンカ
ぬ,31,a,となみなしずみ,トナミナシズミ
ぬ,31,b,SPACE BOY,スペースボーイ
ぬ,32,a,Corgi army,コーギーアーミー
ぬ,32,b,ろんぱいあ,ロンパイア
ぬ,33,a,Stoic Romance,ストイックロマンス
ぬ,33,b,HYPER BRAND,ハイパーブランド
ぬ,34,a,サークル遊牧民,サークルユウボクミン
ぬ,34,b,ちゃんどら,チャンドラ
ぬ,35,a,レドビキ・ＵＲ,レドビキユーアール
ぬ,35,b,機密家,キミツヤ
ぬ,36,a,北極鍋,ホッキョクナベ
ぬ,36,b,いちごじぇっと,イチゴジェット
ぬ,37,a,METAL-WIND,メタルウインド
ぬ,37,b,TrickLot,トリックロット
ぬ,38,a,モノクロモミジ,モノクロモミジ
ぬ,38,b,〆切り３分前,シメキリサンプンマエ
ぬ,39,a,ヴェクセルハフト,ヴェクセルハフト
ぬ,39,b,WINTER SNOW,ウィンタースノウ
ぬ,40,a,生徒会室,セイトカイシツ
ぬ,40,b,真・聖堂☆本舗,シンヒジリドウホンポ
ぬ,41,a,AHOBAKA,アホバカ
ぬ,41,b,まいたけ,マイタケ
ぬ,42,a,ですぱら,デスパラ
ぬ,42,b,Ankleｔ少女,アンクレットショウジョ
ぬ,43,a,ハニーバンプ,ハニーバンプ
ぬ,43,b,UK堂,ユーケードウ
ぬ,44,a,ARC,アーク
ぬ,44,b,US,アス
ぬ,45,a,ズワイガニビーム,ズワイガニビーム
ぬ,45,b,MUSES　GARDEN,ミューゼスガーデン
ぬ,46,a,時間差攻撃,ジカンサコウゲキ
ぬ,46,b,むじたん,ムジタン
ぬ,47,a,萌姫連合,モエヒメレンゴウ
ぬ,47,b,MOZUCHICHI,モズチチ
ぬ,48,a,白楽亭,ハクラクテイ
ぬ,48,b,Island River,アイランドリバー
ぬ,49,a,約束の海岸線,ヤクソクノカイガンセン
ぬ,49,b,みどりの都,ミドリノミヤコ
ぬ,50,a,Skua,スクア
ぬ,50,b,Tale Tale,テイルテイル
ぬ,51,a,（株）PATRA,カブパトラ
ぬ,51,b,12-Knights,トゥウェルヴナイツ
ぬ,52,a,翠苑,スイエン
ぬ,52,b,ゆうさりつかた,ユウサリツカタ
ね,01,a,涙目クライマー,ナミダメクライマー
ね,01,b,むげん＠WORKS,ムゲンアットワークス
ね,02,a,フルーツジャム,フルーツジャム
ね,02,b,Primal Gym,プライマルジム
ね,03,a,オグメンタ推力,オグメンタスイリョク
ね,03,b,芋の芽,イモノメ
ね,04,a,ぶたさん貯金箱,ブタサンチョキンバコ
ね,04,b,はっぱろぐ！,ハッパログ
ね,05,a,焼きたてジャマイカ,ヤキタテジャマイカ
ね,05,b,モナコマイスター,モナコマイスター
ね,06,a,lapis.G,ラピスドットジー
ね,06,b,セニマンカルタン,セニマンカルタン
ね,07,a,しずみ荘,シズミソウ
ね,07,b,てってけ亭,テッテケテイ
ね,08,a,二飜縛り,リャンハンシバリ
ね,08,b,仰天力,ギョウテンリキ
ね,09,a,引ッコミ事案,ヒッコミジアン
ね,09,b,秘本衆道会,ヒホンシュドウカイ
ね,10,a,神戦組,シンセングミ
ね,10,b,山田印,ヤマダジルシ
ね,11,a,でこぽん,デコポン
ね,11,b,群青革命,グンジョウカクメイ
ね,12,a,dot holic,ドットホリック
ね,12,b,TotoPachi,トトパチ
ね,13,a,ちこ★小屋＆ぶんぶく堂,チコゴヤアンドブンブクドウ
ね,13,b,HATENA－BOX,ハテナボックス
ね,14,a,Time-Leap,タイムリープ
ね,14,b,かるわに,カルワニ
ね,15,a,ユキノ庵,ユキノイオリ
ね,15,b,Primal 　Gleam,プライマルグリーム
ね,16,a,Shin-Chan　Carnival!?,シンチャンカーニバル
ね,16,b,霧咲高原鉄道,キリサキコウゲンテツドウ
ね,17,a,極東燃萌帝國,キョクトウモエモエテイコク
ね,17,b,時速３mm,ジソクサンミリメートル
ね,18,a,くるみちょこ,クルミチョコ
ね,18,b,有明海軍工廠製鉄部,アリアケカイグンコウショウセイテツブ
ね,19,a,くれいどる・桜,クレイドルサクラ
ね,19,b,しろくろ風鈴刻,シロクロフウリンコウ
ね,20,a,海賊帆船,カイゾクハンセン
ね,20,b,ブーゲンビリア,ブーゲンビリア
ね,21,a,NOT FOUND,ノットファウンド
ね,21,b,Little Crown,リトルクラウン
ね,22,a,あとりえ・みゅーず,アトリエミューズ
ね,22,b,野図部屋,ノズベヤ
ね,23,a,かなでや,カナデヤ
ね,23,b,無限大,ムゲンダイ
ね,24,a,風亭屋,フウテイヤ
ね,24,b,こまった奴だな。,コマッタヤツダナ
ね,25,a,キャンドゥーなう！,キャンドゥーナウ
ね,25,b,ゆでなきゃ生ビール,ユデナキャナマビール
ね,26,a,くろすたいぷ,クロスタイプ
ね,26,b,甘夏ドロップ,アマナツドロップ
ね,27,a,七竈,ナナカマド
ね,27,b,spig@,スピーガ
ね,28,a,Whiteboard,ホワイトボード
ね,28,b,白黒団子,シロクロダンゴ
ね,29,a,俯瞰世界・狐南堂,フカンセカイトコナンドウ
ね,29,b,studio Z&Z,スタジオズィーアンドズィー
ね,30,a,ねこぱん,ネコパン
ね,30,b,楽々苑,ラクラクエン
ね,31,a,Blackbird,ブラックバード
ね,31,b,flow,フロー
ね,32,a,SUGARLESS,シュガーレス
ね,32,b,ぷりん堂,プリンドウ
ね,33,a,れもんのお店,レモンノオミセ
ね,33,b,Heart Attack,ハートアタック
ね,34,a,ばにくろ,バニクロ
ね,34,b,White-Wind,ホワイトウィンド
ね,35,a,セブンデザイア,セブンデザイア
ね,35,b,まどぎわのひと,マドギワノヒト
ね,36,a,昴の郷　―すばるのさと―,スバルノサト
ね,36,b,ゆるり屋。,ユルリヤ
ね,37,a,ゴールド商会,ゴールドショウカイ
ね,37,b,●R.E.C,アールイーシー
ね,38,a,sa_ku,サク
ね,38,b,40デニール,ヨンジュウデニール
ね,39,a,月ノヒカリ計画,ツキノヒカリケイカク
ね,39,b,koinu computer,コイヌコンピュータ
ね,40,a,Ｉ’ｅ　ＰＯＩＳＯＮ！,イエポイズン
ね,40,b,RABBIT HOLE Works.,ラビットホールワークス
ね,41,a,LUCK&PLUCK!Co.,ラックアンドプラックカンパニー
ね,41,b,カフェあたがわ,カフェアタガワ
ね,42,a,ティン矢軍団,ティンヤグンダン
ね,42,b,USPR,ウソパラ
ね,43,a,忍者屋敷,ニンジャヤシキ
ね,43,b,猫乱舞,ネコランブ
ね,44,a,BLACKCAT,ブラックキャット
ね,44,b,SPD,エスピーディー
ね,45,a,鉄球チェーン,テッキュウチェーン
ね,45,b,オーレリア,オーレリア
ね,46,a,芦間山道,アシマサンドウ
ね,46,b,ゲルピン＆KNOCKOUT,ゲルピンアンドノックアウト
ね,47,a,dksha,ディーケーシャ
ね,47,b,蕎麦部,ソバブ
ね,48,a,松箱Ｘ,マツバコエックス
ね,48,b,フォルモサクマー,フォルモサクマー
ね,49,a,鐚一門,ビタイチモン
ね,49,b,わんだーすとろーく,ワンダーストローク
ね,50,a,アセンブリンク,アセンブリンク
ね,50,b,なべや,ナベヤ
ね,51,a,ぴんけ,ピンケ
ね,51,b,雲丹屋,ウニヤ
ね,52,a,M&M★,エムアンドエム
ね,52,b,Cior,シオール
の,01,a,藤屋本店,フジヤホンテン
の,01,b,Z.A.P.,ザップ
の,02,a,T.cop,ティーコープ
の,02,b,玉子房,タマゴボウ
の,03,a,ブルーピーコック,ブルーピーコック
の,03,b,ODD STAR,オッドスター
の,04,a,E-factory,イーファクトリー
の,04,b,PX-Real,ピーエックスリアル
の,05,a,Cin Cin Boys,チンチンボーイズ
の,05,b,暗黒暴走組,アンコクボウソウグミ
の,06,a,B.P.M.,ビーピーエム
の,06,b,血色蜜柑,ケッショクミカン
の,07,a,昇龍亭＋すたじお生,ショウリュウテイプラススタジオナマ
の,07,b,熾鸞堂,シランドウ
の,08,a,美術部,ビジュツブ
の,08,b,スタジオにくまん,スタジオニクマン
の,09,a,ごべらっつぉ,ゴベラッツォ
の,09,b,納豆きむち亭,ナットウキムチテイ
の,10,a,巌流アイランド,ガンリュウアイランド
の,10,b,301号室,サンマルイチゴウシツ
の,11,a,ツキミヅキ亭,ツキミヅキテイ
の,11,b,Leverages,レバレジーズ
の,12,a,おむつスナイパー,オムツスナイパー
の,12,b,morozumix,モロズミクス
の,13,a,Studio NEO BLACK,スタジオネオブラック
の,13,b,R-WORKS,アールワークス
の,14,a,セブンスヘブンMAXION,セブンスヘブンマキシオン
の,14,b,ERIMO,エリモ
の,15,a,あつあつむちむち,アツアツムチムチ
の,15,b,百葉箱,ヒャクヨウバコ
の,16,a,A2 LampShade,エーツーランプシェイド
の,16,b,小豆ばにら,アズキバニラ
の,17,a,黒猫館モンプチ,クロネコカンモンプチ
の,17,b,マシュマロ魔人,マシュマロマジン
の,18,a,リニアノート研究所,リニアノートケンキュウジョ
の,18,b,無限実行倶楽部,ムゲンジッコウクラブ
の,19,a,血湧肉躍,チワキニクオドル
の,19,b,鳩小屋,ハトゴヤ
の,20,a,HMA,エイチエムエー
の,20,b,みやんち,ミヤンチ
の,21,a,TEDDY-PLAZA,テディプラザ
の,21,b,Coral Sign,コーラルサイン
の,22,a,暴れん坊天狗,アバレンボウテング
の,22,b,Ｍ－１０,エムテン
の,23,a,HEXIVISION,ヘキシビジョン
の,23,b,PHYLACTERY,フィラクタリー
の,24,a,マズルカＳＴＥＰ,マズルカステップ
の,24,b,ネコドット,ネコドット
の,25,a,Grass Doll,グラスドール
の,25,b,ねおん☆てとらんど,ネオンテトランド
の,26,a,Public bath,パブリックバス
の,26,b,チキチキ☆マシーン,チキチキマシーン
の,27,a,In The Sky,インザスカイ
の,27,b,FULLMETAL MADNESS,フルメタルマッドネス
の,28,a,はるさめすぅぷ,ハルサメスゥプ
の,28,b,N.Cs,エヌドットシーエス
の,29,a,Apple Effect,アップルイフェクト
の,29,b,天堂紙,パラダイスペーパー
の,30,a,ねこのこね,ネコノコネ
の,30,b,みずも倶楽部,ミズモクラブ
の,31,a,紫陽花風味亭,アジサイフウミテイ
の,31,b,にんげんっていいな,ニンゲンッテイイナ
の,32,a,AKACIA,アカシア
の,32,b,EDEN MODE,エデンモード
の,33,a,ウィスパー,ウィスパー
の,33,b,猫忍荘,ネコニンソウ
の,34,a,猫間家,ネコマヤ
の,34,b,PARANOIA MAX,パラノイアマックス
の,35,a,もりっとさむらい,モリットサムライ
の,35,b,そらひま,ソラヒマ
の,36,a,水豆腐,ミズトウフ
の,36,b,しろあんみつ,シロアンミツ
の,37,a,立呑屋,タチノミヤ
の,37,b,SAILORQ2,セイラーキューツー
の,38,a,Four Seasons,フォーシーズン
の,38,b,Aqr 9,アクアナイン
の,39,a,仁藤製作所,ニトウセイサクショ
の,39,b,まっどきゃっぱぁ,マッドキャッパァ
の,40,a,ー風ー,ジン
の,40,b,赤色みらい,アカイロミライ
の,41,a,Citrus sugar,シトラスシュガー
の,41,b,100円外務省,ヒャクエンガイムショウ
の,42,a,0832,ゼロハチサンニ
の,42,b,P&P,ピーアンドピー
の,43,a,C.R's NEST,シーアールズネスト
の,43,b,LUISPACE,ルイスペース
の,44,a,〆鯖丸,シメサバマル
の,44,b,Apple Water,アップルウォーター
の,45,a,らくがきスイッチ,ラクガキスイッチ
の,45,b,04U,ラブフォアユー
の,46,a,トカゲのしっぽ,トカゲノシッポ
の,46,b,なぎみそ。ＳＹＳ,ナギミソシス
の,47,a,RED RIBBON,レッドリボン
の,47,b,奥之屋,オウノヤ
の,48,a,ゆきんこ,ユキンコ
の,48,b,五色麩,ゴショクフ
の,49,a,青い妖精,アオイヨウセイ
の,49,b,ひよこの劇場,ヒヨコノゲキジョウ
の,50,a,ノノリ,ノノリ
の,50,b,スタジオナデシコ,スタジオナデシコ
の,51,a,サークルENERGY,サークルエナジー
の,51,b,スタジオらっきょう,スタジオラッキョウ
の,52,a,MEGA-MIX,メガミックス
の,52,b,ペンペン草くらぶ,ペンペングサクラブ
は,01,a,ぱいんとさいず,パイントサイズ
は,01,b,ぱいそんきっど,パイソンキッド
は,02,a,Verdant　Force,ヴァーラントフォース
は,02,b,玉乃露,タマノツユ
は,03,a,天楼庵,テンロウアン
は,03,b,MINXX,ミンクス
は,04,a,Project-D.C.B.A,プロジェクトディーシービーエー
は,04,b,ネタ絵置き場,ネタエオキバ
は,05,a,ニューオリジン,ニューオリジン
は,05,b,フロンティアゲーム,フロンティアゲーム
は,06,a,ぎやまん亭,ギヤマンテイ
は,06,b,まねき猫本舗,マネキネコホンポ
は,07,a,ぽんたろ商会,ポンタロショウカイ
は,07,b,キタノソラ,キタノソラ
は,08,a,マグまぐ堂,マグマグドウ
は,08,b,玄玩堂,ゲンガンドウ
は,09,a,夢想の旅人,ムソウノタビビト
は,09,b,風まかせ,カゼマカセ
は,10,a,ヌクヌク堂,ヌクヌクドウ
は,10,b,涼風郡,スズカゼノコオリ
は,11,a,AbsoluteZero,アブソルートゼロ
は,11,b,ゆずぽん酢,ユズポンズ
は,12,a,PHASE NINE,フェーズナイン
は,12,b,カリーバーグディッシュ,カリーバーグディッシュ
は,13,a,Messiah Syndrome,メシアシンドローム
は,13,b,クレシェンド,クレシェンド
は,14,a,シロクロぱんだ,シロクロパンダ
は,14,b,TEMPEST,テンペスト
は,15,a,KNIGHTS,ナイツ
は,15,b,Flicker10,フリッカーテン
は,16,a,あちゅむち,アチュムチ
は,16,b,EUNOXLINE,ユーノックスライン
は,17,a,常時無常,ジョウジムジョウ
は,17,b,いつかのそら,イツカノソラ
は,18,a,105R,イチマルゴアール
は,18,b,あんあんわんこ,アンアンワンコ
は,19,a,にゅうたいぷ研究所,ニュウタイプケンキュウジョ
は,19,b,まじっく・すくえあ,マジックスクエア
は,20,a,9z,クズ
は,20,b,P.P.P,トリプルピー
は,21,a,岡虎屋,オカトラヤ
は,21,b,kuripod,クリポッド
は,22,a,ソムニ・エイター,ソムニエイター
は,22,b,X∞MODEL,クロスモデル
は,23,a,ゆかりた,ユカリタ
は,23,b,青葉蘭,アオバラン
は,24,a,これいるか,コレイルカ
は,24,b,瑠璃瑠璃企画,ルリルリキカク
は,25,a,曖昧愛玩アジテーション,アイマイアイガンアジテーション
は,25,b,いちかん。,イチカン
は,26,a,Little Garden,リトルガーデン
は,26,b,成宮,ナルミヤ
は,27,a,桃のカンヅメ,モモノカンヅメ
は,27,b,ＡｎｇｅｌＲｕｓｈ！,エンジェルラッシュ
は,28,a,Hya-ZokuSEi,ヒャーゾクセイ
は,28,b,ＦＵＮＮＹロケット,ファニーロケット
は,29,a,無口遮欄,ムコウシャラン
は,29,b,華籠亭,ハナゴテイ
は,30,a,猫女神堂,ネコメガミドウ
は,30,b,FLIP TAIL,フリップテイル
は,31,a,うぃんどと～ん,ウインドトーン
は,31,b,ぷりたにあ,プリタニア
は,32,a,X-Rush,エックスラッシュ
は,32,b,ぼっち戦隊,ボッチセンタイ
は,33,a,MilkCandy,ミルクキャンディ
は,33,b,Exit.,イグジット
は,34,a,ウチエルエ,ウチエルエ
は,34,b,もちずり屋,モチズリヤ
は,35,a,イルヤンカいないやんか！,イルヤンカイナイヤンカ
は,35,b,はにぃみるく,ハニィミルク
は,36,a,五月堂,サツキドウ
は,36,b,姫吉,ヒメキチ
は,37,a,渦巻76co,ウズマキナムコ
は,37,b,ころまごっと,クロマゴット
は,38,a,ぱゆゆっ子,パユユッコ
は,38,b,あいいろさくら,アイイロサクラ
は,39,a,pumpernickel,プンパーニッケル
は,39,b,SAE本舗,サエホンポ
は,40,a,倫鈴,リンリン
は,40,b,ぽこぺん本舗,ポコペンホンポ
は,41,a,踝会,クルブシカイ
は,41,b,Garnet-Works.,ガーネットワークス
は,42,a,Pot*de,ポットデ
は,42,b,ココロ指導室,ココロシドウシツ
は,43,a,ミラクルドリル,ミラクルドリル
は,43,b,03-3297,ゼロサンノサンニキュウナナ
は,44,a,犬小屋７５式Ｆ型,イヌゴヤナナゴウシキエフ
は,44,b,秋葉魔王,アキバマオウ
は,45,a,ピンクドロップ,ピンクドロップ
は,45,b,くれじっと,クレジット
は,46,a,SEQMED,シークメド
は,46,b,ROY'S TOY,ロイズトーイ
は,47,a,ヘカトンパンチ！！,ヘカトンパンチ
は,47,b,サンクラフト,サンクラフト
は,48,a,軍艦ともこんぬ！,グンカントモコンヌ
は,48,b,提督着任っ！,テイトクチャクニンッ
は,49,a,すいか畑,スイカバタケ
は,49,b,ふぇりすらぼ,フェリスラボ
は,50,a,ぴろぴろしき,ピロピロシキ
は,50,b,カラフルユースケース,カラフルユースケース
は,51,a,リリィとみさご,リリィトミサゴ
は,51,b,HAPPY UNBIRTHDAY,ハッピーアンバースデー
は,52,a,えくりぷす＋くまたんFlash!,エクリプスプラスクマタンフラッシュ
は,52,b,もいすちゃー,モイスチャー
ひ,01,a,Iris Lily,アイリスリリー
ひ,01,b,ちびねこプリンス,チビネコプリンス
ひ,02,a,SAGA Angel,サーガエンジェル
ひ,02,b,Ausbruch,アオスブルフ
ひ,03,a,笑ってゲロかっちん,ワラッテゲロカッチン
ひ,03,b,シーグラム,シーグラム
ひ,04,a,HONEY POiSON,ハニーポイズン
ひ,04,b,ダム工房,ダムコウボウ
ひ,05,a,ＲＰＯＰ,アールピーオーピー
ひ,05,b,ティンクルスター,ティンクルスター
ひ,06,a,放課後家庭科部,ホウカゴカテイカブ
ひ,06,b,moni,モニ
ひ,07,a,井戸端会議所,イドバタカイギショ
ひ,07,b,飴屋。,アメヤ
ひ,08,a,しましますとらいぷ,シマシマストライプ
ひ,08,b,虹色ラヂオ,ニジイロラヂオ
ひ,09,a,鯵のなめろう,アジノナメロウ
ひ,09,b,青色すぱいらる。,アオイロスパイラル
ひ,10,a,L5EX,エルゴイーエックス
ひ,10,b,STAR　BERRY,スターベリー
ひ,11,a,TRUFFE,トリュフ
ひ,11,b,M.A.D WORKS,マッドワークス
ひ,12,a,紅譚舎,コウタンシャ
ひ,12,b,駄目犬,ダメイヌ
ひ,13,a,InspirationFloor,インスピレーションフロアー
ひ,13,b,mocha*2popcorn,モカモカポップコーン
ひ,14,a,Favorite Trick!,フェイバリットトリック
ひ,14,b,アライ部,アライブ
ひ,15,a,シノビロケット,シノビロケット
ひ,15,b,めんてい処,メンテイドコロ
ひ,16,a,ななつ組,ナナツグミ
ひ,16,b,スライム企画,スライムキカク
ひ,17,a,ロリコントラップ,ロリコントラップ
ひ,17,b,m2230,エムニーニーサンゼロ
ひ,18,a,はるさめ屋,ハルサメヤ
ひ,18,b,ダコワズ,ダコワズ
ひ,19,a,Ｋ+Ｗ,ケイプラスダブリュー
ひ,19,b,うさねこ部,ウサネコブ
ひ,20,a,なめくず,ナメクズ
ひ,20,b,かぷち屋,カプチヤ
ひ,21,a,悪転奏進,アクテンソウシン
ひ,21,b,いえネコ,イエネコ
ひ,22,a,ぬるぬる30％,ヌルヌルサンジュウパーセント
ひ,22,b,Okayushop,オカユショップ
ひ,23,a,NIKOPONDO,ニコポンド
ひ,23,b,魔法のキノコ,マホウノキノコ
ひ,24,a,Cerise*Cloche,スリーズクロシェ
ひ,24,b,甘味工房,カンミコウボウ
ひ,25,a,零月工房,ゼロツキコウボウ
ひ,25,b,さといも牧場,サトイモボクジョウ
ひ,26,a,面舵いっぱいいっぱい,オモカジイッパイイッパイ
ひ,26,b,Quarter Iceshop,クォーターアイスショップ
ひ,27,a,茜屋ぐーたら店,アカネヤグータラテン
ひ,27,b,あるかねっと,アルカネット
ひ,28,a,SNOW TOWN,スノータウン
ひ,28,b,eclier ville,エクレールヴィル
ひ,29,a,アメフルココロ,アメフルココロ
ひ,29,b,しるひのん,シルヒノン
ひ,30,a,AliceComplex,アリスコンプレックス
ひ,30,b,寅乃檻,トラノオリ
ひ,31,a,寒中見舞,カンチュウミマイ
ひ,31,b,gallop,ギャロップ
ひ,32,a,悶亭,モダエテイ
ひ,32,b,悶KID＆巻き舌同人会,モンキッドアンドマキジ
ひ,33,a,Ｔ－Ｄ－Ａ－！,テラデラアオイユ
ひ,33,b,まりもらんど,マリモランド
ひ,34,a,Popcorn Lamp,ポップコーンランプ
ひ,34,b,ぎゃろっぷだいな,ギャロップダイナ
ひ,35,a,多重人格,タジュウジンカク
ひ,35,b,てりやきにくまん,テリヤキニクマン
ひ,36,a,Break Time,ブレイクタイム
ひ,36,b,FIRST MIRAGE,ファーストミラージュ
ひ,37,a,つみれ屋,ツミレヤ
ひ,37,b,うたたねたると,ウタタネタルト
ひ,38,a,はのみ堂,ハノミドウ
ひ,38,b,だーくさいどるーむ,ダークサイドルーム
ひ,39,a,WorldWideWave,ワールドワイドウェーブ
ひ,39,b,Luft Forst,ルフトフォースト
ひ,40,a,蓮根庵,レンコンアン
ひ,40,b,happyflametime,ハッピーフレイムタイム
ひ,41,a,てすた厨房,テスタチュウボウ
ひ,41,b,翔玄亭,ショウゲンテイ
ひ,42,a,ビルドテツ,ビルドテツ
ひ,42,b,満天星空,マンテンホシゾラ
ひ,43,a,Frank Factory,フランクファクトリー
ひ,43,b,APRICOTTEA,アプリコットティー
ひ,44,a,ingenious,インゲニアス
ひ,44,b,Sweet Ocean,スイートオーシャン
ひ,45,a,峠のお茶屋さん,トウゲノオチャヤサン
ひ,45,b,奏奏,ソウカナ
ひ,46,a,万里の少女,バンリノショウジョ
ひ,46,b,RICKY-TICK,リッキーティック
ひ,47,a,のりたま御膳,ノリタマゴゼン
ひ,47,b,またたび参上,マタタビサンジョウ
ひ,48,a,をしろ,ヲシロ
ひ,48,b,きぬなべや。,キヌナベヤ
ひ,49,a,ですとろいやー,デストロイヤー
ひ,49,b,明鏡堂,メイキョウドウ
ひ,50,a,カグラミクス,カグラミクス
ひ,50,b,ぷりんせす☆ぷろじぇくと。,プリンセスプロジェクト
ひ,51,a,のーみそコネコネ倶楽部,ノーミソコネコネクラブ
ひ,51,b,AO,エーオー
ひ,52,a,ＮＥＥＤＬＥ ＧＡＲＤＥＮ,ニードルガーデン
ひ,52,b,神聖ファウンテン,シンセイファウンテン
ふ,01,a,おたうT‐R,オタウティーアール
ふ,01,b,Black　Factory,ブラックファクトリー
ふ,02,a,列挙。,レッキョ
ふ,02,b,紅茶少女,コウチャショウジョ
ふ,03,a,ヒイロイズム,ヒイロイズム
ふ,03,b,御月堂,オツキドウ
ふ,04,a,田塩都市,デンエントシ
ふ,04,b,Deepest Blue MooN,ディーペストブルームーン
ふ,05,a,虎小屋敷,トラゴヤシキ
ふ,05,b,黒澤屋,クロサワヤ
ふ,06,a,©茶々組,チャチャグミ
ふ,06,b,初心の会＆竜姐会,ショシンノカイアンドリュウネ
ふ,07,a,雨蛙とスプロケット,アマガエルトスプロケット
ふ,07,b,海覧車,カイランシャ
ふ,08,a,うつらえつ,ウツラエツ
ふ,08,b,白竜堂白亜店,ハクリュウドウハクアテン
ふ,09,a,漁火狐火,イサリビキツネビ
ふ,09,b,かわひらこ,カワヒラコ
ふ,10,a,しぃすた,シィスタ
ふ,10,b,ぎんいろからす,ギンイロカラス
ふ,11,a,A-sign,エーサイン
ふ,11,b,冬幻郷,トウゲンキョウ
ふ,12,a,檸檬亭,レモンテイ
ふ,12,b,相原乙女,アイハラオトメ
ふ,13,a,雷神会,ライジンカイ
ふ,13,b,黒錦,クロニシキ
ふ,14,a,あぶら畑牧場。,アブラバタケボクジョウ
ふ,14,b,黒と銀の羽,クロトギンノハネ
ふ,15,a,しんきゃら,シンキャラ
ふ,15,b,sIntax error,シンタックスエラー
ふ,16,a,Texteater,テキストイーター
ふ,16,b,Deadbeat,デッドビート
ふ,17,a,残酷音頭,ザンコクオンド
ふ,17,b,Mystic Lab,ミスティックラボ
ふ,18,a,Lemoria Works,レモリアワークス
ふ,18,b,Sidewalk out,サイドウォークアウト
ふ,19,a,トラ屋,トラヤ
ふ,19,b,TEAMねこだるま,チームネコダルマ
ふ,20,a,温狐屋,ヌルコヤ
ふ,20,b,虚弱畑,キョジャクバタケ
ふ,21,a,車ヤ,クルマヤ
ふ,21,b,DANGER=ZONE,デンジャーゾーン
ふ,22,a,Studio Snow Man,スタジオスノウマン
ふ,22,b,サバの味噌煮,サバノミソニ
ふ,23,a,シフトライトアリスメティック,シフトライトアリスメティック
ふ,23,b,もこもこねとヅキジェニ,モコモコネトヅキジェニ
ふ,24,a,かもたま酒造,カモタマシュゾウ
ふ,24,b,式紙,シキガミ
ふ,25,a,がさやぶ,ガサヤブ
ふ,25,b,古ヶ堂,フルカドウ
ふ,26,a,天気輪,テンキリン
ふ,26,b,KOTI,コチ
ふ,27,a,モロモロ,モロモロ
ふ,27,b,ミンチンクラブ,ミンチンクラブ
ふ,28,a,アレム画館,アレムガカン
ふ,28,b,友毒屋,ユウドクヤ
ふ,29,a,しえるあーく,シエルアーク
ふ,29,b,CHOCOLATE CUBE,チョコレートキューブ
ふ,30,a,ワーズワース,ワーズワース
ふ,30,b,Dream Halls!,ドリームホールズ
ふ,31,a,恋愛漫画家,レンアイマンガカ
ふ,31,b,TRICK&TREAT,トリックアンドトリート
ふ,32,a,負け組クラブ,マケグミクラブ
ふ,32,b,オッポレ☆コッポレ,オッポレコッポレ
ふ,33,a,たんぽぽ屋,タンポポヤ
ふ,33,b,ラブポケ,ラブポケ
ふ,34,a,少女標本,ショウジョヒョウホン
ふ,34,b,first piece,ファーストピース
ふ,35,a,夢想キャンパス,ユメミガチキャンパス
ふ,35,b,OVERALL,オーバーオール
ふ,36,a,LETRA,レトラ
ふ,36,b,URAN-FACTORY,ウランファクトリー
ふ,37,a,EINSATZ GRUPPE,アインザッツグルッペ
ふ,37,b,MANITOU,マニトウ
ふ,38,a,ショコラテ,ショコラテ
ふ,38,b,ぽち小屋。,ポチゴヤ
ふ,39,a,オートマ気球,オートマキキュウ
ふ,39,b,あぽかり,アポカリ
ふ,40,a,蛸壷屋,タコツボヤ
ふ,40,b,けんろー工房,ケンローコウボウ
ふ,41,a,TIMTIMマシン,ティムティムマシン
ふ,41,b,アーカイブ,アーカイブ
ふ,42,a,怪奇日蝕,カイキニッショク
ふ,42,b,ELHEART'S,イーエルハーツ
ふ,43,a,ししゃもハウス,シシャモハウス
ふ,43,b,ciaociao,チャオチャオ
ふ,44,a,わつき屋,ワツキヤ
ふ,44,b,乙女気分,オトメキブン
ふ,45,a,龍の金曜日,リュウノキンヨウビ
ふ,45,b,肉まん愛好会,ニクマンアイコウカイ
ふ,46,a,夜間飛行,ヤカンヒコウ
ふ,46,b,薬缶本舗,ヤカンホンポ
ふ,47,a,Ｍｉｚｕｉｒｏうさぎ,ミズイロウサギ
ふ,47,b,しとろんの杜,シトロンノモリ
ふ,48,a,日々鳥々,ヒビトリドリ
ふ,48,b,eterna-radiare,エテルナラディアーレ
ふ,49,a,恥骨マニア,チコツマニア
ふ,49,b,あしたから頑張る,アシタカラガンバル
ふ,50,a,Crazy9,クレイジーナイン
ふ,50,b,満珍楼,マンチンロウ
ふ,51,a,ぽぽちち,ポポチチ
ふ,51,b,生クリームびより,ナマクリームビヨリ
ふ,52,a,リリカルマジカル,リリカルマジカル
ふ,52,b,MagicalGround's,マジカルグランツ
